round,n-rock,n-paper,n-scissors,n-opp,n-mix
0,99.0,86.0,105.0,105.0,105.0
100,81.0,125.0,74.0,120.0,100.0
200,62.0,62.0,138.0,137.0,101.0
300,103.0,54.0,76.0,165.0,102.0
400,97.0,82.0,48.0,171.0,102.0
500,65.0,93.0,43.0,185.0,114.0
600,45.0,70.0,67.0,207.0,111.0
700,45.0,71.0,66.0,211.0,107.0
800,48.0,45.0,72.0,222.0,113.0
900,52.0,44.0,65.0,229.0,110.0
1000,46.0,39.0,63.0,252.0,100.0
1100,54.0,46.0,64.0,239.0,97.0
1200,56.0,46.0,51.0,245.0,102.0
1300,52.0,48.0,53.0,245.0,102.0
1400,54.0,53.0,36.0,249.0,108.0
1500,48.0,55.0,42.0,254.0,101.0
1600,46.0,53.0,50.0,255.0,96.0
1700,43.0,48.0,56.0,260.0,93.0
1800,49.0,37.0,49.0,279.0,86.0
1900,42.0,54.0,57.0,258.0,89.0
2000,48.0,53.0,44.0,264.0,91.0
2100,48.0,58.0,46.0,261.0,87.0
2200,39.0,50.0,48.0,275.0,88.0
2300,38.0,53.0,44.0,287.0,78.0
2400,42.0,55.0,51.0,283.0,69.0
2500,47.0,54.0,45.0,278.0,76.0
2600,52.0,54.0,47.0,273.0,74.0
2700,59.0,62.0,47.0,265.0,67.0
2800,57.0,63.0,55.0,264.0,61.0
2900,52.0,55.0,62.0,270.0,61.0
3000,54.0,62.0,43.0,271.0,70.0
3100,59.0,60.0,58.0,258.0,65.0
3200,58.0,57.0,52.0,264.0,69.0
3300,48.0,68.0,60.0,251.0,73.0
3400,56.0,52.0,75.0,249.0,68.0
3500,52.0,69.0,51.0,260.0,68.0
3600,56.0,66.0,52.0,249.0,77.0
3700,50.0,67.0,64.0,241.0,78.0
3800,51.0,50.0,51.0,261.0,87.0
3900,46.0,48.0,53.0,266.0,87.0
4000,48.0,54.0,57.0,259.0,82.0
4100,59.0,45.0,57.0,258.0,81.0
4200,65.0,51.0,55.0,238.0,91.0
4300,52.0,49.0,52.0,242.0,105.0
4400,55.0,40.0,53.0,247.0,105.0
4500,57.0,43.0,59.0,244.0,97.0
4600,48.0,50.0,52.0,250.0,100.0
4700,51.0,48.0,50.0,255.0,96.0
4800,44.0,52.0,44.0,251.0,109.0
4900,54.0,58.0,55.0,230.0,103.0
5000,51.0,49.0,57.0,235.0,108.0
5100,48.0,53.0,65.0,231.0,103.0
5200,59.0,55.0,65.0,219.0,102.0
5300,48.0,52.0,67.0,224.0,109.0
5400,63.0,58.0,68.0,213.0,98.0
5500,63.0,56.0,67.0,194.0,120.0
5600,66.0,59.0,50.0,207.0,118.0
5700,70.0,62.0,56.0,199.0,113.0
5800,63.0,63.0,49.0,208.0,117.0
5900,59.0,70.0,55.0,195.0,121.0
6000,62.0,63.0,68.0,196.0,111.0
6100,62.0,73.0,64.0,184.0,117.0
6200,59.0,74.0,64.0,188.0,115.0
6300,58.0,73.0,64.0,191.0,114.0
6400,57.0,79.0,61.0,185.0,118.0
6500,54.0,74.0,73.0,182.0,117.0
6600,60.0,63.0,75.0,175.0,127.0
6700,59.0,65.0,77.0,181.0,118.0
6800,67.0,61.0,72.0,180.0,120.0
6900,69.0,44.0,73.0,190.0,124.0
7000,73.0,64.0,69.0,177.0,117.0
7100,75.0,55.0,62.0,179.0,129.0
7200,82.0,60.0,57.0,181.0,120.0
7300,74.0,54.0,59.0,180.0,133.0
7400,88.0,59.0,65.0,172.0,116.0
7500,84.0,65.0,51.0,175.0,125.0
7600,79.0,68.0,56.0,173.0,124.0
7700,74.0,78.0,54.0,172.0,122.0
7800,80.0,75.0,65.0,159.0,121.0
7900,77.0,77.0,70.0,154.0,122.0
8000,74.0,81.0,66.0,155.0,124.0
8100,76.0,69.0,86.0,141.0,128.0
8200,79.0,65.0,78.0,150.0,128.0
8300,82.0,78.0,78.0,142.0,120.0
8400,67.0,80.0,77.0,139.0,137.0
8500,81.0,81.0,77.0,126.0,135.0
8600,88.0,92.0,66.0,126.0,128.0
8700,79.0,85.0,78.0,130.0,128.0
8800,72.0,86.0,76.0,128.0,138.0
8900,70.0,80.0,81.0,135.0,134.0
9000,69.0,80.0,82.0,136.0,133.0
9100,71.0,73.0,91.0,136.0,129.0
9200,68.0,66.0,86.0,143.0,137.0
9300,81.0,71.0,89.0,131.0,128.0
9400,82.0,64.0,84.0,125.0,145.0
9500,81.0,67.0,85.0,131.0,136.0
9600,79.0,65.0,82.0,127.0,147.0
9700,78.0,75.0,83.0,123.0,141.0
9800,93.0,72.0,72.0,118.0,145.0
9900,91.0,76.0,74.0,121.0,138.0
10000,98.0,73.0,71.0,110.0,148.0
10100,87.0,84.0,69.0,115.0,145.0
10200,86.0,91.0,68.0,112.0,143.0
10300,77.0,87.0,68.0,115.0,153.0
10400,72.0,90.0,82.0,115.0,141.0
10500,80.0,77.0,76.0,119.0,148.0
10600,83.0,78.0,69.0,120.0,150.0
10700,71.0,82.0,72.0,121.0,154.0
10800,65.0,101.0,71.0,112.0,151.0
10900,64.0,76.0,79.0,116.0,165.0
11000,68.0,83.0,73.0,116.0,160.0
11100,65.0,86.0,74.0,122.0,153.0
11200,68.0,84.0,73.0,121.0,154.0
11300,65.0,91.0,83.0,103.0,158.0
11400,68.0,79.0,80.0,110.0,163.0
11500,65.0,77.0,93.0,101.0,164.0
11600,65.0,74.0,92.0,110.0,159.0
11700,73.0,82.0,81.0,103.0,161.0
11800,72.0,77.0,94.0,95.0,162.0
11900,73.0,71.0,94.0,93.0,169.0
12000,73.0,72.0,92.0,91.0,172.0
12100,80.0,64.0,103.0,89.0,164.0
12200,91.0,64.0,95.0,95.0,155.0
12300,82.0,67.0,89.0,99.0,163.0
12400,87.0,63.0,85.0,98.0,167.0
12500,96.0,64.0,81.0,98.0,161.0
12600,103.0,59.0,75.0,93.0,170.0
12700,106.0,73.0,74.0,97.0,150.0
12800,99.0,83.0,69.0,91.0,158.0
12900,95.0,79.0,68.0,98.0,160.0
13000,90.0,81.0,74.0,93.0,162.0
13100,95.0,79.0,71.0,93.0,162.0
13200,85.0,78.0,67.0,104.0,166.0
13300,90.0,83.0,65.0,90.0,172.0
13400,90.0,89.0,61.0,94.0,166.0
13500,89.0,93.0,62.0,89.0,167.0
13600,70.0,99.0,63.0,90.0,178.0
13700,66.0,98.0,74.0,93.0,169.0
13800,57.0,94.0,83.0,98.0,168.0
13900,56.0,89.0,93.0,88.0,174.0
14000,59.0,88.0,97.0,88.0,168.0
14100,53.0,85.0,95.0,96.0,171.0
14200,57.0,82.0,100.0,85.0,176.0
14300,58.0,79.0,93.0,99.0,171.0
14400,63.0,60.0,112.0,97.0,168.0
14500,72.0,62.0,106.0,94.0,166.0
14600,73.0,61.0,103.0,89.0,174.0
14700,77.0,52.0,105.0,94.0,172.0
14800,89.0,51.0,102.0,96.0,162.0
14900,87.0,54.0,90.0,103.0,166.0
15000,99.0,53.0,86.0,93.0,169.0
15100,96.0,60.0,87.0,88.0,169.0
15200,96.0,64.0,72.0,107.0,161.0
15300,92.0,67.0,71.0,101.0,169.0
15400,101.0,71.0,76.0,93.0,159.0
15500,101.0,65.0,79.0,89.0,166.0
15600,103.0,75.0,59.0,92.0,171.0
15700,102.0,84.0,58.0,98.0,158.0
15800,105.0,86.0,55.0,98.0,156.0
15900,82.0,99.0,56.0,94.0,169.0
16000,86.0,97.0,54.0,92.0,171.0
16100,69.0,111.0,44.0,99.0,177.0
16200,67.0,101.0,53.0,98.0,181.0
16300,60.0,101.0,65.0,101.0,173.0
16400,47.0,116.0,68.0,96.0,173.0
16500,47.0,101.0,75.0,96.0,181.0
16600,51.0,94.0,83.0,98.0,174.0
16700,45.0,97.0,89.0,103.0,166.0
16800,44.0,91.0,89.0,105.0,171.0
16900,51.0,83.0,103.0,91.0,172.0
17000,53.0,82.0,105.0,98.0,162.0
17100,49.0,67.0,109.0,103.0,172.0
17200,58.0,65.0,109.0,99.0,169.0
17300,62.0,56.0,110.0,100.0,172.0
17400,73.0,56.0,97.0,97.0,177.0
17500,65.0,49.0,102.0,99.0,185.0
17600,74.0,51.0,99.0,90.0,186.0
17700,87.0,37.0,96.0,105.0,175.0
17800,88.0,34.0,99.0,98.0,181.0
17900,91.0,38.0,88.0,96.0,187.0
18000,90.0,34.0,82.0,109.0,185.0
18100,94.0,44.0,67.0,107.0,188.0
18200,102.0,38.0,75.0,104.0,181.0
18300,101.0,47.0,56.0,107.0,189.0
18400,102.0,59.0,48.0,100.0,191.0
18500,108.0,63.0,44.0,100.0,185.0
18600,102.0,62.0,46.0,108.0,182.0
18700,95.0,81.0,27.0,102.0,195.0
18800,89.0,90.0,31.0,105.0,185.0
18900,94.0,92.0,46.0,97.0,171.0
19000,82.0,94.0,38.0,105.0,181.0
19100,80.0,100.0,34.0,91.0,195.0
19200,72.0,112.0,42.0,97.0,177.0
19300,62.0,109.0,50.0,95.0,184.0
19400,61.0,108.0,53.0,98.0,180.0
19500,50.0,120.0,50.0,91.0,189.0
19600,43.0,115.0,57.0,99.0,186.0
19700,29.0,112.0,69.0,101.0,189.0
19800,37.0,106.0,70.0,103.0,184.0
19900,27.0,109.0,82.0,108.0,174.0
20000,32.0,104.0,88.0,90.0,186.0
20100,37.0,93.0,93.0,95.0,182.0
20200,32.0,81.0,95.0,93.0,199.0
20300,34.0,74.0,105.0,94.0,193.0
20400,39.0,61.0,112.0,100.0,188.0
20500,40.0,54.0,115.0,101.0,190.0
20600,48.0,46.0,116.0,105.0,185.0
20700,48.0,37.0,120.0,102.0,193.0
20800,54.0,32.0,120.0,94.0,200.0
20900,66.0,32.0,112.0,91.0,199.0
21000,66.0,28.0,112.0,94.0,200.0
21100,80.0,22.0,103.0,93.0,202.0
21200,86.0,31.0,94.0,92.0,197.0
21300,88.0,22.0,88.0,95.0,207.0
21400,98.0,25.0,76.0,90.0,211.0
21500,104.0,33.0,71.0,87.0,205.0
21600,108.0,32.0,66.0,76.0,218.0
21700,109.0,49.0,49.0,90.0,203.0
21800,117.0,42.0,40.0,81.0,220.0
21900,109.0,55.0,37.0,89.0,210.0
22000,110.0,55.0,28.0,97.0,210.0
22100,95.0,64.0,23.0,99.0,219.0
22200,102.0,79.0,16.0,81.0,222.0
22300,93.0,83.0,21.0,87.0,216.0
22400,92.0,91.0,22.0,83.0,212.0
22500,98.0,96.0,19.0,85.0,202.0
22600,80.0,94.0,26.0,83.0,217.0
22700,71.0,109.0,30.0,80.0,210.0
22800,64.0,106.0,25.0,89.0,216.0
22900,63.0,110.0,27.0,78.0,222.0
23000,40.0,110.0,43.0,92.0,215.0
23100,30.0,118.0,43.0,81.0,228.0
23200,25.0,114.0,57.0,90.0,214.0
23300,14.0,113.0,48.0,85.0,240.0
23400,15.0,117.0,60.0,86.0,222.0
23500,12.0,106.0,72.0,86.0,224.0
23600,16.0,99.0,74.0,81.0,230.0
23700,16.0,92.0,80.0,91.0,221.0
23800,18.0,98.0,76.0,78.0,230.0
23900,15.0,84.0,77.0,87.0,237.0
24000,19.0,82.0,89.0,94.0,216.0
24100,27.0,73.0,93.0,87.0,220.0
24200,33.0,52.0,109.0,77.0,229.0
24300,32.0,45.0,105.0,84.0,234.0
24400,40.0,39.0,114.0,87.0,220.0
24500,45.0,26.0,103.0,81.0,245.0
24600,50.0,29.0,109.0,81.0,231.0
24700,48.0,23.0,98.0,84.0,247.0
24800,54.0,21.0,104.0,83.0,238.0
24900,67.0,14.0,98.0,86.0,235.0
25000,68.0,21.0,94.0,77.0,240.0
25100,76.0,18.0,91.0,78.0,237.0
25200,67.0,12.0,98.0,77.0,246.0
25300,75.0,20.0,87.0,70.0,248.0
25400,85.0,15.0,75.0,78.0,247.0
25500,90.0,14.0,66.0,75.0,255.0
25600,96.0,22.0,53.0,75.0,254.0
25700,103.0,28.0,41.0,74.0,254.0
25800,101.0,30.0,34.0,90.0,245.0
25900,103.0,31.0,24.0,81.0,261.0
26000,94.0,43.0,17.0,85.0,261.0
26100,97.0,50.0,19.0,75.0,259.0
26200,99.0,47.0,17.0,84.0,253.0
26300,94.0,58.0,12.0,77.0,259.0
26400,93.0,64.0,15.0,86.0,242.0
26500,92.0,67.0,14.0,74.0,253.0
26600,78.0,70.0,18.0,83.0,251.0
26700,87.0,68.0,18.0,83.0,244.0
26800,79.0,74.0,23.0,72.0,252.0
26900,75.0,73.0,20.0,82.0,250.0
27000,55.0,76.0,20.0,84.0,265.0
27100,49.0,84.0,28.0,83.0,256.0
27200,43.0,85.0,29.0,85.0,258.0
27300,29.0,82.0,34.0,96.0,259.0
27400,30.0,84.0,34.0,93.0,259.0
27500,27.0,85.0,45.0,83.0,260.0
27600,27.0,85.0,41.0,86.0,261.0
27700,28.0,77.0,48.0,79.0,268.0
27800,27.0,79.0,50.0,95.0,249.0
27900,25.0,81.0,50.0,90.0,254.0
28000,17.0,82.0,57.0,89.0,255.0
28100,22.0,88.0,62.0,79.0,249.0
28200,25.0,80.0,55.0,83.0,257.0
28300,20.0,75.0,58.0,90.0,257.0
28400,24.0,72.0,63.0,79.0,262.0
28500,25.0,65.0,67.0,83.0,260.0
28600,27.0,53.0,72.0,81.0,267.0
28700,28.0,49.0,78.0,85.0,260.0
28800,28.0,43.0,77.0,81.0,271.0
28900,33.0,39.0,68.0,83.0,277.0
29000,36.0,35.0,77.0,82.0,270.0
29100,40.0,27.0,81.0,76.0,276.0
29200,41.0,21.0,77.0,89.0,272.0
29300,49.0,18.0,78.0,77.0,278.0
29400,46.0,21.0,74.0,88.0,271.0
29500,53.0,17.0,79.0,80.0,271.0
29600,48.0,23.0,79.0,87.0,263.0
29700,50.0,14.0,79.0,84.0,273.0
29800,63.0,16.0,64.0,84.0,273.0
29900,60.0,18.0,67.0,82.0,273.0
30000,65.0,13.0,64.0,83.0,275.0
30100,63.0,23.0,62.0,87.0,265.0
30200,67.0,24.0,49.0,91.0,269.0
30300,75.0,21.0,35.0,91.0,278.0
30400,75.0,28.0,37.0,90.0,270.0
30500,71.0,30.0,32.0,97.0,270.0
30600,78.0,33.0,25.0,96.0,268.0
30700,76.0,33.0,22.0,100.0,269.0
30800,76.0,33.0,22.0,103.0,266.0
30900,73.0,38.0,17.0,94.0,278.0
31000,72.0,38.0,25.0,100.0,265.0
31100,79.0,41.0,15.0,102.0,263.0
31200,79.0,30.0,22.0,107.0,262.0
31300,74.0,43.0,12.0,98.0,273.0
31400,76.0,40.0,14.0,102.0,268.0
31500,65.0,49.0,22.0,104.0,260.0
31600,60.0,50.0,21.0,96.0,273.0
31700,61.0,54.0,14.0,101.0,270.0
31800,50.0,57.0,23.0,94.0,276.0
31900,40.0,55.0,15.0,105.0,285.0
32000,31.0,61.0,27.0,110.0,271.0
32100,33.0,58.0,23.0,107.0,279.0
32200,33.0,62.0,34.0,100.0,271.0
32300,26.0,62.0,27.0,104.0,281.0
32400,26.0,68.0,39.0,100.0,267.0
32500,25.0,60.0,31.0,111.0,273.0
32600,20.0,60.0,41.0,108.0,271.0
32700,26.0,63.0,44.0,99.0,268.0
32800,20.0,63.0,48.0,103.0,266.0
32900,22.0,62.0,47.0,106.0,263.0
33000,22.0,49.0,53.0,104.0,272.0
33100,20.0,53.0,58.0,102.0,267.0
33200,24.0,46.0,62.0,102.0,266.0
33300,24.0,42.0,53.0,104.0,277.0
33400,22.0,48.0,51.0,108.0,271.0
33500,21.0,39.0,54.0,112.0,274.0
33600,23.0,41.0,53.0,104.0,279.0
33700,20.0,38.0,60.0,107.0,275.0
33800,28.0,33.0,60.0,100.0,279.0
33900,32.0,28.0,65.0,107.0,268.0
34000,35.0,26.0,61.0,108.0,270.0
34100,37.0,26.0,67.0,93.0,277.0
34200,42.0,22.0,66.0,97.0,273.0
34300,40.0,23.0,68.0,107.0,262.0
34400,39.0,17.0,62.0,105.0,277.0
34500,42.0,20.0,66.0,105.0,267.0
34600,44.0,20.0,66.0,103.0,267.0
34700,42.0,25.0,66.0,101.0,266.0
34800,51.0,23.0,64.0,94.0,268.0
34900,56.0,23.0,68.0,85.0,268.0
35000,52.0,21.0,60.0,87.0,280.0
35100,53.0,24.0,47.0,100.0,276.0
35200,58.0,29.0,55.0,83.0,275.0
35300,57.0,20.0,53.0,87.0,283.0
35400,61.0,24.0,49.0,90.0,276.0
35500,64.0,28.0,43.0,93.0,272.0
35600,56.0,28.0,36.0,102.0,278.0
35700,64.0,38.0,33.0,96.0,269.0
35800,61.0,36.0,31.0,97.0,275.0
35900,61.0,34.0,30.0,98.0,277.0
36000,71.0,29.0,30.0,94.0,276.0
36100,68.0,39.0,26.0,97.0,270.0
36200,67.0,33.0,25.0,97.0,278.0
36300,66.0,42.0,25.0,93.0,274.0
36400,64.0,34.0,30.0,92.0,280.0
36500,59.0,38.0,28.0,86.0,289.0
36600,61.0,41.0,24.0,84.0,290.0
36700,58.0,42.0,21.0,90.0,289.0
36800,54.0,43.0,20.0,89.0,294.0
36900,54.0,43.0,27.0,93.0,283.0
37000,52.0,41.0,29.0,93.0,285.0
37100,48.0,39.0,30.0,92.0,291.0
37200,44.0,49.0,26.0,97.0,284.0
37300,42.0,45.0,27.0,103.0,283.0
37400,39.0,46.0,33.0,91.0,291.0
37500,49.0,43.0,29.0,102.0,277.0
37600,43.0,49.0,28.0,100.0,280.0
37700,36.0,53.0,35.0,96.0,280.0
37800,42.0,52.0,34.0,100.0,272.0
37900,37.0,43.0,46.0,91.0,283.0
38000,44.0,54.0,37.0,89.0,276.0
38100,39.0,55.0,42.0,83.0,281.0
38200,45.0,55.0,39.0,82.0,279.0
38300,46.0,49.0,37.0,82.0,286.0
38400,40.0,54.0,49.0,84.0,273.0
38500,35.0,49.0,39.0,97.0,280.0
38600,36.0,56.0,39.0,83.0,286.0
38700,39.0,58.0,38.0,87.0,278.0
38800,39.0,52.0,35.0,94.0,280.0
38900,37.0,47.0,45.0,82.0,289.0
39000,36.0,55.0,43.0,86.0,280.0
39100,38.0,52.0,41.0,90.0,279.0
39200,43.0,39.0,53.0,92.0,273.0
39300,43.0,42.0,46.0,84.0,285.0
39400,39.0,44.0,44.0,93.0,280.0
39500,38.0,39.0,51.0,81.0,291.0
39600,37.0,45.0,53.0,91.0,274.0
39700,41.0,35.0,57.0,85.0,282.0
39800,44.0,43.0,46.0,89.0,278.0
39900,46.0,39.0,44.0,92.0,279.0
40000,47.0,34.0,53.0,98.0,268.0
40100,44.0,36.0,51.0,105.0,264.0
40200,48.0,31.0,47.0,95.0,279.0
40300,50.0,37.0,46.0,91.0,276.0
40400,45.0,28.0,50.0,95.0,282.0
40500,50.0,42.0,39.0,94.0,275.0
40600,45.0,43.0,47.0,96.0,269.0
40700,45.0,38.0,45.0,91.0,281.0
40800,46.0,35.0,45.0,89.0,285.0
40900,48.0,36.0,46.0,93.0,277.0
41000,51.0,41.0,47.0,92.0,269.0
41100,48.0,41.0,52.0,98.0,261.0
41200,53.0,38.0,40.0,92.0,277.0
41300,51.0,38.0,44.0,89.0,278.0
41400,48.0,43.0,43.0,97.0,269.0
41500,55.0,47.0,40.0,98.0,260.0
41600,61.0,46.0,37.0,91.0,265.0
41700,53.0,49.0,37.0,98.0,263.0
41800,48.0,38.0,38.0,108.0,268.0
41900,54.0,41.0,41.0,97.0,267.0
42000,49.0,52.0,30.0,99.0,270.0
42100,50.0,43.0,35.0,109.0,263.0
42200,43.0,44.0,37.0,106.0,270.0
42300,52.0,44.0,36.0,101.0,267.0
42400,46.0,47.0,38.0,106.0,263.0
42500,42.0,48.0,34.0,103.0,273.0
42600,43.0,43.0,39.0,110.0,265.0
42700,37.0,42.0,34.0,113.0,274.0
42800,46.0,36.0,38.0,108.0,272.0
42900,41.0,45.0,43.0,114.0,257.0
43000,36.0,38.0,33.0,119.0,274.0
43100,38.0,40.0,41.0,113.0,268.0
43200,32.0,50.0,47.0,118.0,253.0
43300,35.0,35.0,36.0,117.0,277.0
43400,45.0,43.0,30.0,114.0,268.0
43500,33.0,45.0,40.0,115.0,267.0
43600,27.0,46.0,37.0,111.0,279.0
43700,34.0,41.0,38.0,109.0,278.0
43800,37.0,38.0,37.0,112.0,276.0
43900,31.0,40.0,43.0,114.0,272.0
44000,30.0,35.0,39.0,119.0,277.0
44100,37.0,46.0,38.0,107.0,272.0
44200,31.0,42.0,42.0,111.0,274.0
44300,35.0,43.0,39.0,110.0,273.0
44400,29.0,38.0,41.0,114.0,278.0
44500,29.0,37.0,45.0,117.0,272.0
44600,34.0,31.0,39.0,115.0,281.0
44700,41.0,35.0,35.0,114.0,275.0
44800,38.0,37.0,33.0,114.0,278.0
44900,36.0,33.0,37.0,116.0,278.0
45000,34.0,34.0,38.0,113.0,281.0
45100,39.0,34.0,39.0,104.0,284.0
45200,43.0,33.0,42.0,106.0,276.0
45300,36.0,39.0,43.0,110.0,272.0
45400,37.0,33.0,39.0,121.0,270.0
45500,32.0,36.0,42.0,111.0,279.0
45600,39.0,30.0,37.0,112.0,282.0
45700,37.0,38.0,38.0,114.0,273.0
45800,34.0,33.0,31.0,115.0,287.0
45900,33.0,31.0,37.0,111.0,288.0
46000,32.0,30.0,35.0,118.0,285.0
46100,33.0,30.0,33.0,119.0,285.0
46200,34.0,27.0,39.0,114.0,286.0
46300,31.0,32.0,32.0,109.0,296.0
46400,42.0,41.0,33.0,116.0,268.0
46500,32.0,22.0,34.0,114.0,298.0
46600,36.0,32.0,26.0,107.0,299.0
46700,30.0,32.0,33.0,108.0,297.0
46800,30.0,32.0,29.0,109.0,300.0
46900,37.0,29.0,31.0,113.0,290.0
47000,33.0,30.0,34.0,110.0,293.0
47100,38.0,35.0,28.0,108.0,291.0
47200,32.0,38.0,31.0,108.0,291.0
47300,35.0,33.0,31.0,112.0,289.0
47400,40.0,34.0,33.0,109.0,284.0
47500,37.0,40.0,45.0,100.0,278.0
47600,32.0,34.0,41.0,105.0,288.0
47700,40.0,36.0,34.0,105.0,285.0
47800,35.0,36.0,36.0,106.0,287.0
47900,32.0,42.0,34.0,102.0,290.0
48000,27.0,37.0,46.0,104.0,286.0
48100,30.0,40.0,36.0,97.0,297.0
48200,33.0,37.0,45.0,99.0,286.0
48300,38.0,38.0,35.0,101.0,288.0
48400,35.0,41.0,36.0,97.0,291.0
48500,29.0,34.0,44.0,100.0,293.0
48600,34.0,34.0,44.0,106.0,282.0
48700,37.0,31.0,39.0,106.0,287.0
48800,39.0,29.0,39.0,116.0,277.0
48900,31.0,29.0,43.0,117.0,280.0
49000,41.0,36.0,36.0,106.0,281.0
49100,30.0,38.0,35.0,117.0,280.0
49200,39.0,38.0,41.0,99.0,283.0
49300,32.0,37.0,35.0,102.0,294.0
49400,37.0,36.0,39.0,95.0,293.0
49500,39.0,34.0,39.0,101.0,287.0
49600,31.0,34.0,34.0,102.0,299.0
49700,34.0,37.0,41.0,99.0,289.0
49800,32.0,33.0,39.0,102.0,294.0
49900,37.0,30.0,46.0,101.0,286.0
50000,34.0,38.0,41.0,95.0,292.0
50100,34.0,34.0,42.0,100.0,290.0
50200,36.0,34.0,49.0,100.0,281.0
50300,40.0,36.0,47.0,97.0,280.0
50400,34.0,40.0,43.0,92.0,291.0
50500,34.0,37.0,41.0,101.0,287.0
50600,32.0,39.0,41.0,102.0,286.0
50700,31.0,43.0,47.0,95.0,284.0
50800,43.0,39.0,47.0,99.0,272.0
50900,39.0,33.0,49.0,101.0,278.0
51000,41.0,43.0,46.0,99.0,271.0
51100,38.0,48.0,44.0,103.0,267.0
51200,41.0,41.0,40.0,98.0,280.0
51300,41.0,47.0,51.0,93.0,268.0
51400,53.0,40.0,52.0,99.0,256.0
51500,44.0,42.0,42.0,102.0,270.0
51600,40.0,38.0,47.0,93.0,282.0
51700,39.0,45.0,39.0,106.0,271.0
51800,37.0,46.0,48.0,96.0,273.0
51900,44.0,41.0,47.0,99.0,269.0
52000,40.0,36.0,44.0,103.0,277.0
52100,41.0,46.0,36.0,103.0,274.0
52200,46.0,38.0,37.0,107.0,272.0
52300,41.0,41.0,40.0,105.0,273.0
52400,43.0,38.0,40.0,104.0,275.0
52500,48.0,35.0,49.0,99.0,269.0
52600,45.0,39.0,50.0,93.0,273.0
52700,51.0,45.0,42.0,98.0,264.0
52800,41.0,48.0,43.0,97.0,271.0
52900,47.0,46.0,37.0,103.0,267.0
53000,46.0,47.0,38.0,100.0,269.0
53100,43.0,43.0,46.0,107.0,261.0
53200,47.0,47.0,42.0,105.0,259.0
53300,43.0,45.0,43.0,100.0,269.0
53400,40.0,36.0,44.0,108.0,272.0
53500,46.0,39.0,45.0,101.0,269.0
53600,41.0,44.0,40.0,103.0,272.0
53700,38.0,42.0,48.0,107.0,265.0
53800,40.0,38.0,49.0,105.0,268.0
53900,35.0,43.0,40.0,109.0,273.0
54000,39.0,38.0,52.0,105.0,266.0
54100,41.0,40.0,49.0,97.0,273.0
54200,38.0,45.0,51.0,105.0,261.0
54300,46.0,41.0,46.0,98.0,269.0
54400,31.0,43.0,46.0,97.0,283.0
54500,46.0,44.0,46.0,94.0,270.0
54600,36.0,47.0,47.0,98.0,272.0
54700,36.0,43.0,55.0,92.0,274.0
54800,36.0,42.0,45.0,97.0,280.0
54900,44.0,43.0,44.0,92.0,277.0
55000,43.0,42.0,49.0,96.0,270.0
55100,40.0,51.0,49.0,96.0,264.0
55200,39.0,49.0,53.0,90.0,269.0
55300,35.0,44.0,58.0,92.0,271.0
55400,39.0,41.0,55.0,93.0,272.0
55500,42.0,45.0,52.0,92.0,269.0
55600,41.0,39.0,54.0,91.0,275.0
55700,37.0,39.0,60.0,96.0,268.0
55800,41.0,40.0,57.0,89.0,273.0
55900,38.0,43.0,65.0,90.0,264.0
56000,34.0,37.0,61.0,86.0,282.0
56100,38.0,37.0,65.0,87.0,273.0
56200,37.0,37.0,58.0,85.0,283.0
56300,38.0,39.0,55.0,82.0,286.0
56400,45.0,37.0,63.0,77.0,278.0
56500,47.0,31.0,57.0,85.0,280.0
56600,47.0,29.0,56.0,85.0,283.0
56700,53.0,38.0,54.0,73.0,282.0
56800,54.0,30.0,50.0,83.0,283.0
56900,46.0,31.0,53.0,82.0,288.0
57000,53.0,34.0,44.0,89.0,280.0
57100,51.0,39.0,46.0,83.0,281.0
57200,43.0,29.0,49.0,93.0,286.0
57300,62.0,24.0,45.0,90.0,279.0
57400,60.0,31.0,35.0,89.0,285.0
57500,59.0,36.0,36.0,84.0,285.0
57600,61.0,34.0,44.0,91.0,270.0
57700,54.0,27.0,40.0,95.0,284.0
57800,64.0,37.0,36.0,86.0,277.0
57900,66.0,39.0,32.0,89.0,274.0
58000,60.0,35.0,29.0,89.0,287.0
58100,61.0,33.0,30.0,92.0,284.0
58200,65.0,35.0,27.0,87.0,286.0
58300,59.0,41.0,28.0,92.0,280.0
58400,67.0,45.0,31.0,85.0,272.0
58500,52.0,40.0,28.0,89.0,291.0
58600,60.0,40.0,33.0,84.0,283.0
58700,56.0,50.0,29.0,92.0,273.0
58800,59.0,53.0,29.0,90.0,269.0
58900,46.0,37.0,29.0,93.0,295.0
59000,45.0,49.0,26.0,100.0,280.0
59100,48.0,47.0,26.0,102.0,277.0
59200,40.0,51.0,24.0,106.0,279.0
59300,42.0,51.0,30.0,100.0,277.0
59400,37.0,50.0,35.0,101.0,277.0
59500,41.0,54.0,29.0,102.0,274.0
59600,36.0,61.0,25.0,109.0,269.0
59700,33.0,55.0,34.0,100.0,278.0
59800,29.0,50.0,36.0,108.0,277.0
59900,26.0,49.0,31.0,109.0,285.0
60000,34.0,56.0,33.0,98.0,279.0
60100,38.0,46.0,37.0,96.0,283.0
60200,38.0,44.0,38.0,105.0,275.0
60300,35.0,45.0,39.0,100.0,281.0
60400,38.0,48.0,38.0,99.0,277.0
60500,29.0,47.0,38.0,99.0,287.0
60600,34.0,47.0,44.0,107.0,268.0
60700,34.0,41.0,40.0,99.0,286.0
60800,27.0,43.0,48.0,103.0,279.0
60900,32.0,43.0,50.0,103.0,272.0
61000,34.0,42.0,45.0,103.0,276.0
61100,38.0,37.0,42.0,104.0,279.0
61200,40.0,35.0,47.0,106.0,272.0
61300,30.0,39.0,46.0,103.0,282.0
61400,37.0,29.0,43.0,108.0,283.0
61500,39.0,35.0,48.0,103.0,275.0
61600,37.0,24.0,49.0,108.0,282.0
61700,37.0,28.0,43.0,102.0,290.0
61800,44.0,23.0,48.0,95.0,290.0
61900,40.0,29.0,49.0,99.0,283.0
62000,44.0,28.0,49.0,97.0,282.0
62100,43.0,32.0,50.0,96.0,279.0
62200,44.0,31.0,45.0,91.0,289.0
62300,47.0,26.0,51.0,88.0,288.0
62400,42.0,30.0,46.0,97.0,285.0
62500,50.0,28.0,45.0,98.0,279.0
62600,49.0,27.0,42.0,94.0,288.0
62700,53.0,33.0,40.0,87.0,287.0
62800,53.0,40.0,29.0,97.0,281.0
62900,52.0,34.0,36.0,92.0,286.0
63000,50.0,34.0,35.0,102.0,279.0
63100,51.0,39.0,28.0,97.0,285.0
63200,55.0,45.0,31.0,86.0,283.0
63300,52.0,36.0,32.0,88.0,292.0
63400,55.0,40.0,29.0,94.0,282.0
63500,60.0,46.0,25.0,90.0,279.0
63600,51.0,35.0,29.0,90.0,295.0
63700,51.0,40.0,28.0,94.0,287.0
63800,60.0,42.0,26.0,88.0,284.0
63900,61.0,41.0,31.0,89.0,278.0
64000,45.0,49.0,31.0,88.0,287.0
64100,56.0,58.0,30.0,86.0,270.0
64200,49.0,54.0,31.0,89.0,277.0
64300,54.0,55.0,32.0,80.0,279.0
64400,44.0,59.0,30.0,85.0,282.0
64500,40.0,57.0,30.0,85.0,288.0
64600,40.0,68.0,31.0,84.0,277.0
64700,36.0,61.0,32.0,77.0,294.0
64800,37.0,61.0,40.0,76.0,286.0
64900,36.0,74.0,44.0,67.0,279.0
65000,42.0,69.0,43.0,75.0,271.0
65100,36.0,75.0,42.0,73.0,274.0
65200,29.0,71.0,41.0,70.0,289.0
65300,31.0,63.0,42.0,75.0,289.0
65400,31.0,66.0,47.0,72.0,284.0
65500,30.0,75.0,41.0,72.0,282.0
65600,29.0,63.0,52.0,74.0,282.0
65700,36.0,59.0,51.0,74.0,280.0
65800,31.0,61.0,52.0,75.0,281.0
65900,32.0,56.0,56.0,74.0,282.0
66000,30.0,52.0,52.0,79.0,287.0
66100,29.0,49.0,60.0,75.0,287.0
66200,36.0,53.0,58.0,75.0,278.0
66300,37.0,51.0,58.0,67.0,287.0
66400,36.0,44.0,66.0,66.0,288.0
66500,42.0,37.0,59.0,79.0,283.0
66600,44.0,39.0,63.0,84.0,270.0
66700,51.0,37.0,69.0,75.0,268.0
66800,47.0,41.0,69.0,71.0,272.0
66900,42.0,44.0,70.0,69.0,275.0
67000,47.0,37.0,69.0,72.0,275.0
67100,40.0,37.0,67.0,71.0,285.0
67200,48.0,37.0,64.0,75.0,276.0
67300,48.0,36.0,71.0,68.0,277.0
67400,48.0,32.0,62.0,77.0,281.0
67500,47.0,36.0,60.0,78.0,279.0
67600,57.0,30.0,58.0,80.0,275.0
67700,54.0,28.0,58.0,79.0,281.0
67800,57.0,34.0,69.0,75.0,265.0
67900,56.0,35.0,60.0,83.0,266.0
68000,52.0,35.0,49.0,83.0,281.0
68100,57.0,44.0,54.0,77.0,268.0
68200,57.0,44.0,50.0,80.0,269.0
68300,64.0,38.0,48.0,76.0,274.0
68400,61.0,51.0,38.0,69.0,281.0
68500,52.0,47.0,43.0,77.0,281.0
68600,61.0,44.0,49.0,68.0,278.0
68700,59.0,52.0,46.0,68.0,275.0
68800,60.0,42.0,52.0,70.0,276.0
68900,63.0,45.0,45.0,71.0,276.0
69000,66.0,49.0,42.0,63.0,280.0
69100,65.0,49.0,39.0,71.0,276.0
69200,60.0,53.0,44.0,74.0,269.0
69300,66.0,52.0,42.0,79.0,261.0
69400,68.0,44.0,37.0,75.0,276.0
69500,53.0,54.0,48.0,71.0,274.0
69600,56.0,59.0,42.0,75.0,268.0
69700,59.0,56.0,52.0,72.0,261.0
69800,57.0,54.0,38.0,88.0,263.0
69900,58.0,62.0,44.0,71.0,265.0
70000,61.0,56.0,39.0,76.0,268.0
70100,57.0,62.0,41.0,75.0,265.0
70200,53.0,61.0,43.0,73.0,270.0
70300,54.0,62.0,47.0,74.0,263.0
70400,46.0,65.0,43.0,72.0,274.0
70500,50.0,56.0,46.0,79.0,269.0
70600,47.0,55.0,47.0,72.0,279.0
70700,46.0,59.0,48.0,76.0,271.0
70800,44.0,54.0,52.0,77.0,273.0
70900,45.0,60.0,53.0,76.0,266.0
71000,37.0,59.0,49.0,84.0,271.0
71100,36.0,54.0,52.0,81.0,277.0
71200,35.0,52.0,54.0,77.0,282.0
71300,35.0,50.0,62.0,81.0,272.0
71400,36.0,52.0,53.0,78.0,281.0
71500,43.0,48.0,50.0,87.0,272.0
71600,41.0,44.0,50.0,72.0,293.0
71700,45.0,45.0,57.0,83.0,270.0
71800,42.0,45.0,53.0,77.0,283.0
71900,52.0,39.0,53.0,80.0,276.0
72000,46.0,44.0,60.0,81.0,269.0
72100,45.0,51.0,59.0,74.0,271.0
72200,46.0,41.0,62.0,81.0,270.0
72300,51.0,39.0,52.0,82.0,276.0
72400,46.0,40.0,66.0,78.0,270.0
72500,55.0,33.0,60.0,87.0,265.0
72600,53.0,35.0,52.0,83.0,277.0
72700,54.0,29.0,53.0,88.0,276.0
72800,46.0,42.0,58.0,82.0,272.0
72900,52.0,43.0,60.0,76.0,269.0
73000,55.0,44.0,52.0,77.0,272.0
73100,60.0,42.0,53.0,77.0,268.0
73200,59.0,44.0,50.0,77.0,270.0
73300,62.0,46.0,50.0,77.0,265.0
73400,60.0,44.0,45.0,70.0,281.0
73500,63.0,45.0,44.0,72.0,276.0
73600,63.0,47.0,51.0,73.0,266.0
73700,64.0,46.0,44.0,77.0,269.0
73800,65.0,49.0,44.0,76.0,266.0
73900,68.0,50.0,47.0,74.0,261.0
74000,65.0,52.0,41.0,75.0,267.0
74100,65.0,58.0,43.0,77.0,257.0
74200,66.0,59.0,35.0,74.0,266.0
74300,73.0,54.0,37.0,72.0,264.0
74400,66.0,63.0,35.0,74.0,262.0
74500,70.0,61.0,41.0,71.0,257.0
74600,66.0,61.0,35.0,67.0,271.0
74700,53.0,64.0,40.0,69.0,274.0
74800,54.0,63.0,50.0,71.0,262.0
74900,57.0,69.0,40.0,64.0,270.0
75000,50.0,65.0,43.0,70.0,272.0
75100,49.0,67.0,46.0,71.0,267.0
75200,47.0,64.0,41.0,73.0,275.0
75300,42.0,71.0,49.0,72.0,266.0
75400,31.0,74.0,51.0,64.0,280.0
75500,46.0,69.0,51.0,62.0,272.0
75600,43.0,71.0,51.0,67.0,268.0
75700,41.0,74.0,54.0,60.0,271.0
75800,43.0,69.0,56.0,66.0,266.0
75900,33.0,74.0,52.0,79.0,262.0
76000,41.0,76.0,55.0,70.0,258.0
76100,43.0,73.0,59.0,67.0,258.0
76200,29.0,68.0,65.0,70.0,268.0
76300,34.0,56.0,63.0,69.0,278.0
76400,42.0,58.0,61.0,66.0,273.0
76500,40.0,61.0,69.0,64.0,266.0
76600,41.0,54.0,64.0,62.0,279.0
76700,43.0,47.0,74.0,65.0,271.0
76800,38.0,45.0,69.0,70.0,278.0
76900,46.0,43.0,74.0,65.0,272.0
77000,41.0,38.0,82.0,71.0,268.0
77100,49.0,32.0,76.0,67.0,276.0
77200,46.0,41.0,78.0,64.0,271.0
77300,40.0,38.0,75.0,71.0,276.0
77400,53.0,33.0,72.0,63.0,279.0
77500,51.0,39.0,74.0,65.0,271.0
77600,55.0,31.0,73.0,69.0,272.0
77700,54.0,27.0,69.0,70.0,280.0
77800,59.0,35.0,64.0,64.0,278.0
77900,62.0,33.0,66.0,69.0,270.0
78000,77.0,29.0,63.0,66.0,265.0
78100,67.0,33.0,65.0,67.0,268.0
78200,67.0,30.0,69.0,63.0,271.0
78300,72.0,31.0,53.0,75.0,269.0
78400,69.0,30.0,52.0,68.0,281.0
78500,69.0,37.0,39.0,68.0,287.0
78600,72.0,38.0,44.0,72.0,274.0
78700,79.0,44.0,42.0,64.0,271.0
78800,73.0,43.0,41.0,68.0,275.0
78900,74.0,50.0,39.0,73.0,264.0
79000,80.0,37.0,38.0,79.0,266.0
79100,74.0,46.0,36.0,74.0,270.0
79200,75.0,52.0,33.0,77.0,263.0
79300,76.0,58.0,27.0,61.0,278.0
79400,76.0,57.0,27.0,74.0,266.0
79500,70.0,58.0,37.0,65.0,270.0
79600,66.0,60.0,39.0,70.0,265.0
79700,71.0,66.0,27.0,72.0,264.0
79800,62.0,69.0,34.0,68.0,267.0
79900,61.0,59.0,36.0,67.0,277.0
80000,55.0,66.0,39.0,72.0,268.0
80100,53.0,64.0,41.0,73.0,269.0
80200,64.0,67.0,41.0,73.0,255.0
80300,47.0,64.0,48.0,75.0,266.0
80400,47.0,68.0,41.0,77.0,267.0
80500,43.0,72.0,44.0,66.0,275.0
80600,46.0,71.0,47.0,80.0,256.0
80700,41.0,79.0,42.0,71.0,267.0
80800,39.0,78.0,49.0,66.0,268.0
80900,39.0,76.0,50.0,68.0,267.0
81000,25.0,79.0,59.0,75.0,262.0
81100,40.0,78.0,47.0,68.0,267.0
81200,44.0,74.0,53.0,67.0,262.0
81300,34.0,78.0,55.0,72.0,261.0
81400,29.0,75.0,63.0,78.0,255.0
81500,29.0,68.0,62.0,67.0,274.0
81600,34.0,73.0,63.0,71.0,259.0
81700,28.0,71.0,62.0,83.0,256.0
81800,34.0,72.0,65.0,64.0,265.0
81900,35.0,63.0,74.0,67.0,261.0
82000,37.0,61.0,77.0,74.0,251.0
82100,38.0,47.0,85.0,70.0,260.0
82200,39.0,49.0,82.0,64.0,266.0
82300,44.0,45.0,84.0,69.0,258.0
82400,48.0,39.0,78.0,66.0,269.0
82500,48.0,36.0,85.0,76.0,255.0
82600,50.0,40.0,87.0,76.0,247.0
82700,52.0,30.0,90.0,69.0,259.0
82800,47.0,36.0,75.0,72.0,270.0
82900,59.0,25.0,79.0,76.0,261.0
83000,58.0,30.0,80.0,68.0,264.0
83100,53.0,32.0,79.0,67.0,269.0
83200,66.0,23.0,75.0,69.0,267.0
83300,62.0,28.0,75.0,66.0,269.0
83400,63.0,28.0,70.0,75.0,264.0
83500,69.0,31.0,73.0,61.0,266.0
83600,69.0,27.0,67.0,72.0,265.0
83700,71.0,29.0,57.0,71.0,272.0
83800,78.0,28.0,45.0,73.0,276.0
83900,81.0,34.0,44.0,67.0,274.0
84000,87.0,37.0,32.0,66.0,278.0
84100,84.0,45.0,30.0,66.0,275.0
84200,84.0,49.0,27.0,71.0,269.0
84300,86.0,53.0,28.0,71.0,262.0
84400,83.0,54.0,16.0,65.0,282.0
84500,83.0,52.0,24.0,71.0,270.0
84600,83.0,57.0,15.0,69.0,276.0
84700,82.0,58.0,25.0,70.0,265.0
84800,77.0,69.0,18.0,70.0,266.0
84900,79.0,70.0,26.0,67.0,258.0
85000,81.0,59.0,27.0,73.0,260.0
85100,77.0,72.0,25.0,60.0,266.0
85200,70.0,83.0,29.0,65.0,253.0
85300,59.0,79.0,32.0,68.0,262.0
85400,50.0,90.0,33.0,59.0,268.0
85500,42.0,77.0,41.0,67.0,273.0
85600,39.0,79.0,41.0,62.0,279.0
85700,31.0,91.0,48.0,64.0,266.0
85800,30.0,91.0,48.0,56.0,275.0
85900,27.0,90.0,49.0,51.0,283.0
86000,27.0,93.0,54.0,55.0,271.0
86100,24.0,90.0,57.0,59.0,270.0
86200,15.0,83.0,59.0,59.0,284.0
86300,20.0,91.0,62.0,50.0,277.0
86400,25.0,88.0,61.0,55.0,271.0
86500,27.0,94.0,60.0,52.0,267.0
86600,22.0,90.0,61.0,51.0,276.0
86700,28.0,75.0,66.0,60.0,271.0
86800,24.0,72.0,67.0,59.0,278.0
86900,24.0,76.0,70.0,53.0,277.0
87000,34.0,61.0,81.0,52.0,272.0
87100,32.0,51.0,85.0,48.0,284.0
87200,35.0,40.0,84.0,59.0,282.0
87300,37.0,35.0,91.0,53.0,284.0
87400,40.0,33.0,87.0,52.0,288.0
87500,45.0,26.0,94.0,53.0,282.0
87600,39.0,29.0,85.0,53.0,294.0
87700,46.0,29.0,92.0,51.0,282.0
87800,44.0,25.0,88.0,48.0,295.0
87900,47.0,20.0,87.0,52.0,294.0
88000,53.0,21.0,96.0,47.0,283.0
88100,52.0,23.0,89.0,49.0,287.0
88200,57.0,21.0,89.0,43.0,290.0
88300,68.0,23.0,89.0,40.0,280.0
88400,69.0,19.0,77.0,41.0,294.0
88500,75.0,22.0,72.0,42.0,289.0
88600,75.0,24.0,67.0,43.0,291.0
88700,74.0,30.0,68.0,49.0,279.0
88800,88.0,33.0,47.0,46.0,286.0
88900,76.0,37.0,45.0,45.0,297.0
89000,76.0,40.0,35.0,53.0,296.0
89100,83.0,49.0,27.0,50.0,291.0
89200,82.0,55.0,26.0,49.0,288.0
89300,81.0,58.0,27.0,47.0,287.0
89400,86.0,62.0,25.0,40.0,287.0
89500,82.0,69.0,26.0,47.0,276.0
89600,84.0,60.0,22.0,49.0,285.0
89700,78.0,64.0,29.0,49.0,280.0
89800,77.0,68.0,30.0,45.0,280.0
89900,79.0,75.0,29.0,50.0,267.0
90000,70.0,73.0,35.0,46.0,276.0
90100,67.0,76.0,20.0,53.0,284.0
90200,61.0,84.0,25.0,50.0,280.0
90300,52.0,84.0,32.0,50.0,282.0
90400,40.0,88.0,35.0,53.0,284.0
90500,27.0,97.0,42.0,46.0,288.0
90600,34.0,100.0,43.0,47.0,276.0
90700,23.0,103.0,49.0,53.0,272.0
90800,27.0,90.0,51.0,52.0,280.0
90900,19.0,97.0,46.0,56.0,282.0
91000,20.0,87.0,54.0,55.0,284.0
91100,16.0,84.0,52.0,54.0,294.0
91200,15.0,90.0,58.0,58.0,279.0
91300,16.0,85.0,66.0,47.0,286.0
91400,17.0,85.0,69.0,52.0,277.0
91500,13.0,95.0,66.0,50.0,276.0
91600,28.0,76.0,63.0,51.0,282.0
91700,17.0,64.0,76.0,57.0,286.0
91800,16.0,50.0,78.0,60.0,296.0
91900,18.0,48.0,88.0,60.0,286.0
92000,26.0,31.0,78.0,62.0,303.0
92100,29.0,29.0,84.0,57.0,301.0
92200,35.0,19.0,92.0,57.0,297.0
92300,35.0,21.0,86.0,63.0,295.0
92400,41.0,15.0,84.0,65.0,295.0
92500,49.0,22.0,82.0,59.0,288.0
92600,42.0,15.0,86.0,53.0,304.0
92700,43.0,22.0,89.0,53.0,293.0
92800,45.0,15.0,93.0,52.0,295.0
92900,48.0,19.0,87.0,58.0,288.0
93000,48.0,15.0,82.0,58.0,297.0
93100,48.0,17.0,94.0,57.0,284.0
93200,52.0,20.0,91.0,59.0,278.0
93300,64.0,14.0,80.0,55.0,287.0
93400,67.0,14.0,70.0,58.0,291.0
93500,69.0,22.0,64.0,52.0,293.0
93600,77.0,20.0,55.0,58.0,290.0
93700,76.0,30.0,40.0,52.0,302.0
93800,85.0,33.0,30.0,59.0,293.0
93900,81.0,34.0,31.0,61.0,293.0
94000,91.0,40.0,21.0,60.0,288.0
94100,87.0,31.0,26.0,62.0,294.0
94200,78.0,45.0,18.0,66.0,293.0
94300,87.0,42.0,19.0,57.0,295.0
94400,85.0,50.0,16.0,65.0,284.0
94500,77.0,55.0,13.0,61.0,294.0
94600,76.0,54.0,18.0,65.0,287.0
94700,81.0,53.0,18.0,59.0,289.0
94800,83.0,57.0,17.0,60.0,283.0
94900,77.0,55.0,22.0,62.0,284.0
95000,73.0,63.0,18.0,67.0,279.0
95100,59.0,68.0,16.0,65.0,292.0
95200,57.0,70.0,20.0,70.0,283.0
95300,51.0,72.0,24.0,65.0,288.0
95400,43.0,74.0,38.0,66.0,279.0
95500,31.0,72.0,30.0,65.0,302.0
95600,25.0,80.0,28.0,62.0,305.0
95700,30.0,73.0,35.0,59.0,303.0
95800,27.0,82.0,35.0,62.0,294.0
95900,29.0,76.0,43.0,58.0,294.0
96000,22.0,76.0,44.0,54.0,304.0
96100,27.0,76.0,44.0,59.0,294.0
96200,16.0,73.0,48.0,60.0,303.0
96300,24.0,74.0,48.0,52.0,302.0
96400,18.0,79.0,55.0,57.0,291.0
96500,24.0,77.0,54.0,52.0,293.0
96600,17.0,80.0,51.0,53.0,299.0
96700,18.0,70.0,63.0,55.0,294.0
96800,25.0,66.0,58.0,55.0,296.0
96900,30.0,63.0,64.0,49.0,294.0
97000,27.0,53.0,73.0,42.0,305.0
97100,19.0,56.0,72.0,51.0,302.0
97200,23.0,42.0,76.0,49.0,310.0
97300,32.0,43.0,76.0,51.0,298.0
97400,21.0,42.0,82.0,54.0,301.0
97500,24.0,27.0,84.0,61.0,304.0
97600,36.0,31.0,88.0,49.0,296.0
97700,31.0,22.0,79.0,49.0,319.0
97800,36.0,25.0,80.0,50.0,309.0
97900,33.0,20.0,91.0,53.0,303.0
98000,35.0,14.0,82.0,53.0,316.0
98100,38.0,20.0,74.0,46.0,322.0
98200,44.0,15.0,88.0,52.0,301.0
98300,44.0,18.0,91.0,45.0,302.0
98400,44.0,20.0,79.0,48.0,309.0
98500,51.0,20.0,91.0,48.0,290.0
98600,52.0,18.0,78.0,49.0,303.0
98700,54.0,24.0,81.0,50.0,291.0
98800,58.0,23.0,78.0,60.0,281.0
98900,71.0,18.0,66.0,55.0,290.0
99000,64.0,21.0,50.0,63.0,302.0
99100,73.0,32.0,39.0,61.0,295.0
99200,75.0,24.0,35.0,67.0,299.0
99300,73.0,23.0,34.0,59.0,311.0
99400,73.0,34.0,28.0,57.0,308.0
99500,76.0,32.0,30.0,57.0,305.0
99600,80.0,33.0,30.0,57.0,300.0
99700,77.0,39.0,20.0,58.0,306.0
99800,89.0,35.0,21.0,57.0,298.0
99900,82.0,39.0,21.0,62.0,296.0
100000,78.0,42.0,19.0,64.0,297.0
100100,93.0,42.0,20.0,57.0,288.0
100200,84.0,43.0,14.0,61.0,298.0
100300,80.0,43.0,22.0,59.0,296.0
100400,84.0,45.0,18.0,59.0,294.0
100500,80.0,49.0,15.0,50.0,306.0
100600,74.0,56.0,14.0,59.0,297.0
100700,69.0,57.0,18.0,61.0,295.0
100800,56.0,61.0,22.0,57.0,304.0
100900,55.0,62.0,19.0,60.0,304.0
101000,46.0,63.0,23.0,66.0,302.0
101100,51.0,66.0,24.0,63.0,296.0
101200,41.0,69.0,21.0,65.0,304.0
101300,42.0,75.0,24.0,69.0,290.0
101400,40.0,68.0,35.0,60.0,297.0
101500,33.0,75.0,36.0,60.0,296.0
101600,29.0,72.0,33.0,55.0,311.0
101700,34.0,69.0,38.0,60.0,299.0
101800,37.0,67.0,40.0,67.0,289.0
101900,25.0,76.0,40.0,64.0,295.0
102000,23.0,72.0,43.0,57.0,305.0
102100,27.0,79.0,49.0,61.0,284.0
102200,22.0,77.0,48.0,54.0,299.0
102300,21.0,70.0,60.0,53.0,296.0
102400,20.0,66.0,64.0,56.0,294.0
102500,24.0,65.0,49.0,57.0,305.0
102600,18.0,63.0,60.0,60.0,299.0
102700,19.0,51.0,68.0,58.0,304.0
102800,23.0,58.0,75.0,46.0,298.0
102900,27.0,47.0,65.0,61.0,300.0
103000,32.0,45.0,72.0,58.0,293.0
103100,33.0,45.0,73.0,60.0,289.0
103200,33.0,33.0,72.0,62.0,300.0
103300,41.0,26.0,70.0,52.0,311.0
103400,40.0,21.0,82.0,52.0,305.0
103500,39.0,19.0,75.0,50.0,317.0
103600,41.0,21.0,71.0,56.0,311.0
103700,40.0,23.0,69.0,57.0,311.0
103800,41.0,20.0,83.0,51.0,305.0
103900,47.0,21.0,74.0,48.0,310.0
104000,53.0,17.0,76.0,49.0,305.0
104100,64.0,14.0,75.0,52.0,295.0
104200,55.0,22.0,81.0,49.0,293.0
104300,57.0,18.0,71.0,52.0,302.0
104400,62.0,15.0,67.0,59.0,297.0
104500,55.0,16.0,61.0,60.0,308.0
104600,67.0,29.0,60.0,57.0,287.0
104700,74.0,24.0,40.0,60.0,302.0
104800,65.0,32.0,37.0,65.0,301.0
104900,69.0,34.0,33.0,56.0,308.0
105000,71.0,36.0,35.0,57.0,301.0
105100,67.0,35.0,21.0,59.0,318.0
105200,70.0,28.0,27.0,68.0,307.0
105300,69.0,33.0,28.0,67.0,303.0
105400,79.0,35.0,23.0,63.0,300.0
105500,77.0,34.0,26.0,67.0,296.0
105600,79.0,38.0,24.0,72.0,287.0
105700,75.0,37.0,24.0,69.0,295.0
105800,77.0,35.0,23.0,66.0,299.0
105900,77.0,43.0,15.0,69.0,296.0
106000,70.0,45.0,18.0,78.0,289.0
106100,66.0,51.0,19.0,72.0,292.0
106200,67.0,48.0,18.0,65.0,302.0
106300,55.0,52.0,15.0,66.0,312.0
106400,46.0,60.0,20.0,77.0,297.0
106500,46.0,54.0,25.0,75.0,300.0
106600,42.0,50.0,33.0,76.0,299.0
106700,42.0,56.0,26.0,70.0,306.0
106800,41.0,64.0,21.0,71.0,303.0
106900,43.0,68.0,24.0,71.0,294.0
107000,32.0,58.0,27.0,80.0,303.0
107100,29.0,64.0,27.0,77.0,303.0
107200,27.0,61.0,34.0,72.0,306.0
107300,26.0,60.0,37.0,75.0,302.0
107400,24.0,62.0,37.0,77.0,300.0
107500,21.0,63.0,34.0,67.0,315.0
107600,29.0,66.0,34.0,70.0,301.0
107700,22.0,61.0,43.0,73.0,301.0
107800,22.0,62.0,39.0,66.0,311.0
107900,22.0,71.0,40.0,64.0,303.0
108000,24.0,67.0,49.0,56.0,304.0
108100,24.0,70.0,46.0,59.0,301.0
108200,24.0,58.0,49.0,61.0,308.0
108300,22.0,63.0,53.0,61.0,301.0
108400,28.0,56.0,52.0,62.0,302.0
108500,29.0,54.0,55.0,66.0,296.0
108600,25.0,49.0,60.0,62.0,304.0
108700,30.0,47.0,59.0,69.0,295.0
108800,30.0,41.0,61.0,63.0,305.0
108900,36.0,35.0,57.0,62.0,310.0
109000,32.0,38.0,58.0,66.0,306.0
109100,31.0,39.0,69.0,60.0,301.0
109200,25.0,38.0,66.0,63.0,308.0
109300,31.0,28.0,69.0,56.0,316.0
109400,30.0,34.0,67.0,55.0,314.0
109500,37.0,30.0,63.0,54.0,316.0
109600,43.0,22.0,69.0,60.0,306.0
109700,46.0,20.0,64.0,66.0,304.0
109800,48.0,21.0,69.0,59.0,303.0
109900,40.0,28.0,64.0,58.0,310.0
110000,47.0,21.0,68.0,63.0,301.0
110100,42.0,31.0,66.0,54.0,307.0
110200,54.0,28.0,65.0,61.0,292.0
110300,52.0,27.0,61.0,66.0,294.0
110400,57.0,23.0,56.0,62.0,302.0
110500,53.0,23.0,59.0,75.0,290.0
110600,64.0,30.0,46.0,64.0,296.0
110700,60.0,31.0,41.0,61.0,307.0
110800,63.0,32.0,38.0,67.0,300.0
110900,75.0,28.0,38.0,54.0,305.0
111000,74.0,31.0,38.0,60.0,297.0
111100,69.0,41.0,31.0,58.0,301.0
111200,79.0,45.0,27.0,58.0,291.0
111300,68.0,39.0,22.0,74.0,297.0
111400,79.0,45.0,21.0,59.0,296.0
111500,83.0,40.0,20.0,69.0,288.0
111600,79.0,47.0,27.0,66.0,281.0
111700,78.0,42.0,28.0,61.0,291.0
111800,79.0,47.0,18.0,62.0,294.0
111900,76.0,56.0,23.0,62.0,283.0
112000,75.0,56.0,23.0,51.0,295.0
112100,71.0,60.0,14.0,60.0,295.0
112200,66.0,57.0,25.0,62.0,290.0
112300,59.0,58.0,16.0,67.0,300.0
112400,56.0,65.0,28.0,67.0,284.0
112500,47.0,62.0,32.0,71.0,288.0
112600,38.0,64.0,34.0,66.0,298.0
112700,42.0,70.0,35.0,65.0,288.0
112800,41.0,73.0,39.0,66.0,281.0
112900,35.0,77.0,43.0,67.0,278.0
113000,35.0,80.0,47.0,57.0,281.0
113100,30.0,66.0,43.0,68.0,293.0
113200,24.0,73.0,48.0,72.0,283.0
113300,22.0,71.0,48.0,73.0,286.0
113400,23.0,77.0,50.0,67.0,283.0
113500,22.0,74.0,57.0,70.0,277.0
113600,25.0,71.0,63.0,73.0,268.0
113700,14.0,73.0,66.0,70.0,277.0
113800,22.0,68.0,64.0,57.0,289.0
113900,23.0,63.0,68.0,77.0,269.0
114000,23.0,51.0,70.0,71.0,285.0
114100,29.0,57.0,67.0,67.0,280.0
114200,35.0,38.0,72.0,65.0,290.0
114300,38.0,43.0,80.0,54.0,285.0
114400,38.0,32.0,77.0,66.0,287.0
114500,37.0,33.0,77.0,71.0,282.0
114600,49.0,30.0,76.0,63.0,282.0
114700,55.0,23.0,76.0,71.0,275.0
114800,47.0,24.0,79.0,64.0,286.0
114900,46.0,25.0,75.0,75.0,279.0
115000,55.0,30.0,75.0,58.0,282.0
115100,58.0,21.0,71.0,64.0,286.0
115200,58.0,23.0,79.0,64.0,276.0
115300,54.0,26.0,70.0,71.0,279.0
115400,56.0,24.0,63.0,70.0,287.0
115500,63.0,17.0,64.0,72.0,284.0
115600,64.0,21.0,61.0,74.0,280.0
115700,61.0,28.0,56.0,71.0,284.0
115800,75.0,30.0,43.0,66.0,286.0
115900,68.0,36.0,43.0,76.0,277.0
116000,74.0,34.0,42.0,69.0,281.0
116100,73.0,37.0,34.0,68.0,288.0
116200,79.0,35.0,30.0,67.0,289.0
116300,76.0,46.0,27.0,67.0,284.0
116400,79.0,45.0,26.0,70.0,280.0
116500,75.0,36.0,21.0,68.0,300.0
116600,75.0,44.0,20.0,69.0,292.0
116700,69.0,40.0,17.0,76.0,298.0
116800,75.0,43.0,29.0,76.0,277.0
116900,76.0,54.0,25.0,71.0,274.0
117000,80.0,48.0,24.0,62.0,286.0
117100,75.0,50.0,21.0,70.0,284.0
117200,73.0,59.0,20.0,69.0,279.0
117300,76.0,53.0,17.0,72.0,282.0
117400,64.0,58.0,23.0,61.0,294.0
117500,60.0,62.0,24.0,72.0,282.0
117600,55.0,64.0,21.0,74.0,286.0
117700,50.0,64.0,25.0,77.0,284.0
117800,49.0,72.0,29.0,66.0,284.0
117900,32.0,81.0,31.0,76.0,280.0
118000,28.0,81.0,36.0,76.0,279.0
118100,35.0,73.0,32.0,83.0,277.0
118200,28.0,72.0,38.0,80.0,282.0
118300,26.0,85.0,42.0,78.0,269.0
118400,36.0,74.0,35.0,81.0,274.0
118500,23.0,82.0,37.0,80.0,278.0
118600,22.0,82.0,43.0,82.0,271.0
118700,20.0,82.0,47.0,73.0,278.0
118800,22.0,72.0,51.0,70.0,285.0
118900,18.0,81.0,52.0,81.0,268.0
119000,24.0,72.0,45.0,80.0,279.0
119100,25.0,71.0,47.0,83.0,274.0
119200,21.0,66.0,56.0,73.0,284.0
119300,31.0,62.0,58.0,72.0,277.0
119400,23.0,56.0,64.0,82.0,275.0
119500,23.0,44.0,63.0,77.0,293.0
119600,21.0,43.0,66.0,76.0,294.0
119700,27.0,37.0,71.0,79.0,286.0
119800,26.0,44.0,68.0,77.0,285.0
119900,29.0,36.0,68.0,77.0,290.0
120000,36.0,29.0,76.0,67.0,292.0
120100,34.0,39.0,67.0,72.0,288.0
120200,34.0,31.0,69.0,78.0,288.0
120300,41.0,25.0,73.0,81.0,280.0
120400,34.0,19.0,68.0,80.0,299.0
120500,43.0,24.0,72.0,70.0,291.0
120600,41.0,22.0,66.0,73.0,298.0
120700,43.0,26.0,71.0,69.0,291.0
120800,46.0,17.0,78.0,71.0,288.0
120900,43.0,18.0,69.0,86.0,284.0
121000,46.0,22.0,78.0,72.0,282.0
121100,47.0,22.0,66.0,72.0,293.0
121200,51.0,20.0,68.0,69.0,292.0
121300,63.0,24.0,53.0,72.0,288.0
121400,61.0,17.0,53.0,79.0,290.0
121500,74.0,22.0,55.0,71.0,278.0
121600,69.0,24.0,42.0,67.0,298.0
121700,72.0,28.0,38.0,69.0,293.0
121800,71.0,34.0,38.0,69.0,288.0
121900,73.0,36.0,30.0,71.0,290.0
122000,65.0,34.0,34.0,74.0,293.0
122100,76.0,26.0,35.0,78.0,285.0
122200,72.0,36.0,29.0,74.0,289.0
122300,74.0,47.0,21.0,78.0,280.0
122400,73.0,42.0,20.0,85.0,280.0
122500,73.0,40.0,21.0,75.0,291.0
122600,76.0,49.0,18.0,75.0,282.0
122700,75.0,46.0,12.0,68.0,299.0
122800,65.0,55.0,13.0,76.0,291.0
122900,74.0,50.0,9.0,79.0,288.0
123000,70.0,57.0,22.0,73.0,278.0
123100,64.0,57.0,18.0,74.0,287.0
123200,58.0,63.0,20.0,75.0,284.0
123300,48.0,67.0,26.0,74.0,285.0
123400,45.0,70.0,23.0,80.0,282.0
123500,35.0,74.0,23.0,73.0,295.0
123600,39.0,73.0,26.0,83.0,279.0
123700,30.0,79.0,29.0,77.0,285.0
123800,24.0,76.0,38.0,82.0,280.0
123900,18.0,73.0,40.0,87.0,282.0
124000,25.0,70.0,41.0,79.0,285.0
124100,19.0,78.0,38.0,80.0,285.0
124200,23.0,69.0,41.0,78.0,289.0
124300,21.0,80.0,42.0,79.0,278.0
124400,23.0,81.0,41.0,78.0,277.0
124500,14.0,86.0,43.0,73.0,284.0
124600,25.0,74.0,43.0,80.0,278.0
124700,12.0,69.0,58.0,75.0,286.0
124800,17.0,64.0,59.0,78.0,282.0
124900,22.0,64.0,63.0,68.0,283.0
125000,21.0,60.0,62.0,71.0,286.0
125100,22.0,46.0,63.0,71.0,298.0
125200,21.0,41.0,67.0,72.0,299.0
125300,29.0,41.0,66.0,71.0,293.0
125400,32.0,43.0,70.0,67.0,288.0
125500,29.0,32.0,71.0,70.0,298.0
125600,40.0,29.0,71.0,62.0,298.0
125700,28.0,29.0,74.0,64.0,305.0
125800,31.0,27.0,73.0,67.0,302.0
125900,39.0,33.0,70.0,65.0,293.0
126000,47.0,28.0,72.0,60.0,293.0
126100,38.0,25.0,72.0,70.0,295.0
126200,40.0,23.0,73.0,68.0,296.0
126300,47.0,26.0,77.0,62.0,288.0
126400,46.0,26.0,75.0,63.0,290.0
126500,50.0,28.0,65.0,59.0,298.0
126600,53.0,22.0,71.0,66.0,288.0
126700,54.0,19.0,67.0,64.0,296.0
126800,56.0,22.0,72.0,64.0,286.0
126900,61.0,24.0,64.0,65.0,286.0
127000,65.0,23.0,61.0,68.0,283.0
127100,68.0,22.0,53.0,68.0,289.0
127200,54.0,25.0,52.0,62.0,307.0
127300,65.0,28.0,42.0,64.0,301.0
127400,66.0,34.0,38.0,67.0,295.0
127500,62.0,34.0,41.0,65.0,298.0
127600,65.0,38.0,38.0,69.0,290.0
127700,69.0,33.0,36.0,66.0,296.0
127800,62.0,43.0,31.0,65.0,299.0
127900,72.0,42.0,21.0,71.0,294.0
128000,65.0,44.0,27.0,73.0,291.0
128100,65.0,52.0,22.0,68.0,293.0
128200,69.0,44.0,27.0,69.0,291.0
128300,71.0,46.0,22.0,71.0,290.0
128400,58.0,46.0,27.0,71.0,298.0
128500,64.0,52.0,29.0,71.0,284.0
128600,69.0,52.0,30.0,67.0,282.0
128700,66.0,51.0,26.0,73.0,284.0
128800,65.0,61.0,18.0,72.0,284.0
128900,57.0,59.0,29.0,77.0,278.0
129000,46.0,59.0,32.0,80.0,283.0
129100,48.0,60.0,29.0,79.0,284.0
129200,39.0,59.0,29.0,83.0,290.0
129300,47.0,56.0,29.0,77.0,291.0
129400,40.0,61.0,33.0,84.0,282.0
129500,44.0,59.0,39.0,79.0,279.0
129600,37.0,69.0,36.0,76.0,282.0
129700,37.0,69.0,41.0,78.0,275.0
129800,31.0,72.0,44.0,81.0,272.0
129900,24.0,65.0,39.0,85.0,287.0
130000,28.0,72.0,44.0,78.0,278.0
130100,23.0,67.0,46.0,82.0,282.0
130200,25.0,69.0,47.0,80.0,279.0
130300,24.0,76.0,47.0,78.0,275.0
130400,23.0,69.0,50.0,84.0,274.0
130500,28.0,67.0,58.0,87.0,260.0
130600,29.0,65.0,59.0,78.0,269.0
130700,31.0,62.0,59.0,80.0,268.0
130800,32.0,61.0,62.0,87.0,258.0
130900,31.0,51.0,68.0,85.0,265.0
131000,31.0,55.0,64.0,85.0,265.0
131100,33.0,41.0,67.0,81.0,278.0
131200,31.0,39.0,66.0,83.0,281.0
131300,35.0,40.0,74.0,74.0,277.0
131400,34.0,33.0,71.0,92.0,270.0
131500,38.0,27.0,70.0,83.0,282.0
131600,43.0,29.0,68.0,82.0,278.0
131700,33.0,31.0,74.0,84.0,278.0
131800,45.0,27.0,71.0,92.0,265.0
131900,43.0,34.0,76.0,80.0,267.0
132000,42.0,28.0,78.0,82.0,270.0
132100,50.0,24.0,73.0,83.0,270.0
132200,54.0,17.0,76.0,82.0,271.0
132300,49.0,25.0,71.0,82.0,273.0
132400,56.0,22.0,63.0,87.0,272.0
132500,49.0,21.0,69.0,82.0,279.0
132600,53.0,24.0,71.0,79.0,273.0
132700,51.0,23.0,69.0,83.0,274.0
132800,55.0,20.0,61.0,88.0,276.0
132900,61.0,19.0,60.0,84.0,276.0
133000,62.0,24.0,51.0,85.0,278.0
133100,66.0,30.0,45.0,83.0,276.0
133200,67.0,33.0,43.0,76.0,281.0
133300,71.0,33.0,44.0,81.0,271.0
133400,68.0,45.0,37.0,76.0,274.0
133500,66.0,40.0,35.0,88.0,271.0
133600,68.0,45.0,36.0,74.0,277.0
133700,74.0,45.0,32.0,73.0,276.0
133800,74.0,45.0,31.0,81.0,269.0
133900,70.0,45.0,27.0,75.0,283.0
134000,78.0,48.0,36.0,76.0,262.0
134100,79.0,50.0,21.0,76.0,274.0
134200,71.0,56.0,29.0,65.0,279.0
134300,73.0,54.0,19.0,66.0,288.0
134400,67.0,54.0,24.0,70.0,285.0
134500,60.0,55.0,32.0,71.0,282.0
134600,66.0,61.0,25.0,71.0,277.0
134700,59.0,62.0,38.0,66.0,275.0
134800,54.0,55.0,34.0,75.0,282.0
134900,55.0,70.0,25.0,70.0,280.0
135000,38.0,75.0,27.0,67.0,293.0
135100,37.0,73.0,33.0,68.0,289.0
135200,33.0,68.0,32.0,74.0,293.0
135300,29.0,67.0,44.0,64.0,296.0
135400,27.0,76.0,37.0,73.0,287.0
135500,21.0,69.0,41.0,71.0,298.0
135600,20.0,72.0,40.0,67.0,301.0
135700,16.0,70.0,50.0,63.0,301.0
135800,20.0,70.0,46.0,61.0,303.0
135900,19.0,69.0,57.0,71.0,284.0
136000,18.0,69.0,53.0,65.0,295.0
136100,20.0,64.0,59.0,66.0,291.0
136200,25.0,66.0,62.0,61.0,286.0
136300,26.0,53.0,58.0,70.0,293.0
136400,27.0,57.0,60.0,65.0,291.0
136500,29.0,55.0,63.0,65.0,288.0
136600,33.0,45.0,64.0,64.0,294.0
136700,30.0,38.0,71.0,74.0,287.0
136800,39.0,33.0,71.0,73.0,284.0
136900,40.0,32.0,74.0,80.0,274.0
137000,42.0,29.0,68.0,78.0,283.0
137100,40.0,27.0,79.0,72.0,282.0
137200,48.0,30.0,71.0,76.0,275.0
137300,50.0,24.0,76.0,75.0,275.0
137400,56.0,28.0,74.0,75.0,267.0
137500,53.0,26.0,74.0,82.0,265.0
137600,58.0,23.0,65.0,78.0,276.0
137700,61.0,21.0,63.0,70.0,285.0
137800,63.0,23.0,62.0,77.0,275.0
137900,69.0,19.0,55.0,76.0,281.0
138000,66.0,29.0,52.0,72.0,281.0
138100,72.0,30.0,32.0,74.0,292.0
138200,70.0,35.0,39.0,75.0,281.0
138300,67.0,29.0,35.0,78.0,291.0
138400,77.0,32.0,26.0,69.0,296.0
138500,70.0,41.0,33.0,78.0,278.0
138600,74.0,40.0,31.0,70.0,285.0
138700,77.0,44.0,29.0,80.0,270.0
138800,75.0,49.0,31.0,71.0,274.0
138900,72.0,45.0,21.0,80.0,282.0
139000,72.0,48.0,25.0,78.0,277.0
139100,72.0,46.0,30.0,77.0,275.0
139200,65.0,53.0,25.0,79.0,278.0
139300,65.0,53.0,26.0,81.0,275.0
139400,60.0,57.0,37.0,83.0,263.0
139500,57.0,55.0,29.0,85.0,274.0
139600,54.0,58.0,29.0,86.0,273.0
139700,44.0,59.0,31.0,81.0,285.0
139800,50.0,66.0,36.0,85.0,263.0
139900,51.0,55.0,42.0,74.0,278.0
140000,51.0,62.0,36.0,74.0,277.0
140100,41.0,62.0,47.0,77.0,273.0
140200,38.0,69.0,41.0,81.0,271.0
140300,36.0,72.0,41.0,75.0,276.0
140400,25.0,72.0,44.0,78.0,281.0
140500,32.0,70.0,47.0,72.0,279.0
140600,30.0,71.0,43.0,79.0,277.0
140700,30.0,75.0,56.0,79.0,260.0
140800,36.0,69.0,49.0,77.0,269.0
140900,34.0,64.0,55.0,71.0,276.0
141000,33.0,65.0,57.0,73.0,272.0
141100,38.0,70.0,53.0,80.0,259.0
141200,33.0,67.0,57.0,77.0,266.0
141300,37.0,62.0,58.0,78.0,265.0
141400,42.0,59.0,62.0,73.0,264.0
141500,35.0,60.0,59.0,73.0,273.0
141600,33.0,54.0,74.0,78.0,261.0
141700,40.0,51.0,74.0,72.0,263.0
141800,37.0,48.0,69.0,74.0,272.0
141900,43.0,44.0,79.0,71.0,263.0
142000,42.0,32.0,76.0,80.0,270.0
142100,47.0,30.0,78.0,75.0,270.0
142200,47.0,30.0,77.0,73.0,273.0
142300,50.0,26.0,75.0,68.0,281.0
142400,51.0,33.0,78.0,63.0,275.0
142500,51.0,25.0,83.0,80.0,261.0
142600,50.0,19.0,78.0,69.0,284.0
142700,52.0,17.0,80.0,76.0,275.0
142800,61.0,20.0,74.0,70.0,275.0
142900,60.0,23.0,67.0,73.0,277.0
143000,64.0,22.0,61.0,79.0,274.0
143100,69.0,19.0,60.0,74.0,278.0
143200,71.0,20.0,52.0,83.0,274.0
143300,75.0,24.0,52.0,64.0,285.0
143400,74.0,35.0,40.0,78.0,273.0
143500,68.0,30.0,36.0,74.0,292.0
143600,83.0,46.0,27.0,71.0,273.0
143700,80.0,38.0,31.0,69.0,282.0
143800,76.0,34.0,32.0,77.0,281.0
143900,75.0,37.0,33.0,75.0,280.0
144000,75.0,43.0,29.0,71.0,282.0
144100,79.0,43.0,27.0,73.0,278.0
144200,78.0,46.0,27.0,70.0,279.0
144300,73.0,48.0,21.0,67.0,291.0
144400,80.0,60.0,21.0,70.0,269.0
144500,66.0,56.0,23.0,73.0,282.0
144600,69.0,59.0,23.0,73.0,276.0
144700,68.0,64.0,21.0,77.0,270.0
144800,56.0,65.0,33.0,78.0,268.0
144900,44.0,75.0,24.0,76.0,281.0
145000,40.0,72.0,31.0,71.0,286.0
145100,34.0,71.0,32.0,73.0,290.0
145200,35.0,75.0,36.0,78.0,276.0
145300,35.0,79.0,37.0,69.0,280.0
145400,23.0,75.0,42.0,69.0,291.0
145500,31.0,76.0,38.0,68.0,287.0
145600,20.0,84.0,45.0,67.0,284.0
145700,21.0,81.0,49.0,69.0,280.0
145800,26.0,80.0,58.0,64.0,272.0
145900,18.0,79.0,50.0,73.0,280.0
146000,20.0,87.0,56.0,69.0,268.0
146100,19.0,76.0,61.0,73.0,271.0
146200,24.0,78.0,71.0,75.0,252.0
146300,24.0,68.0,71.0,70.0,267.0
146400,32.0,62.0,70.0,68.0,268.0
146500,31.0,51.0,72.0,66.0,280.0
146600,28.0,48.0,76.0,75.0,273.0
146700,34.0,47.0,83.0,71.0,265.0
146800,41.0,42.0,74.0,66.0,277.0
146900,40.0,36.0,79.0,72.0,273.0
147000,43.0,30.0,91.0,66.0,270.0
147100,48.0,22.0,87.0,67.0,276.0
147200,57.0,22.0,77.0,69.0,275.0
147300,50.0,13.0,76.0,68.0,293.0
147400,56.0,17.0,87.0,68.0,272.0
147500,63.0,23.0,86.0,68.0,260.0
147600,65.0,25.0,76.0,70.0,264.0
147700,59.0,16.0,83.0,71.0,271.0
147800,68.0,14.0,76.0,74.0,268.0
147900,67.0,22.0,68.0,64.0,279.0
148000,67.0,25.0,69.0,63.0,276.0
148100,72.0,19.0,64.0,70.0,275.0
148200,79.0,25.0,50.0,72.0,274.0
148300,84.0,26.0,36.0,75.0,279.0
148400,76.0,34.0,37.0,74.0,279.0
148500,77.0,37.0,25.0,72.0,289.0
148600,72.0,41.0,24.0,69.0,294.0
148700,83.0,31.0,25.0,72.0,289.0
148800,81.0,37.0,26.0,77.0,279.0
148900,82.0,46.0,19.0,75.0,278.0
149000,80.0,54.0,16.0,74.0,276.0
149100,89.0,54.0,18.0,65.0,274.0
149200,76.0,51.0,20.0,70.0,283.0
149300,78.0,59.0,18.0,62.0,283.0
149400,75.0,58.0,17.0,74.0,276.0
149500,72.0,64.0,22.0,73.0,269.0
149600,71.0,62.0,20.0,72.0,275.0
149700,61.0,73.0,15.0,68.0,283.0
149800,56.0,71.0,23.0,69.0,281.0
149900,45.0,77.0,23.0,67.0,288.0
150000,40.0,75.0,31.0,74.0,280.0
150100,43.0,75.0,29.0,73.0,280.0
150200,37.0,72.0,41.0,63.0,287.0
150300,27.0,78.0,40.0,72.0,283.0
150400,24.0,78.0,42.0,70.0,286.0
150500,25.0,77.0,41.0,72.0,285.0
150600,23.0,76.0,44.0,69.0,288.0
150700,18.0,73.0,46.0,67.0,296.0
150800,19.0,74.0,52.0,64.0,291.0
150900,17.0,76.0,46.0,72.0,289.0
151000,21.0,74.0,39.0,73.0,293.0
151100,15.0,74.0,56.0,66.0,289.0
151200,24.0,73.0,51.0,70.0,282.0
151300,18.0,63.0,55.0,72.0,292.0
151400,20.0,62.0,62.0,67.0,289.0
151500,24.0,58.0,67.0,69.0,282.0
151600,17.0,55.0,66.0,74.0,288.0
151700,24.0,48.0,69.0,72.0,287.0
151800,24.0,34.0,72.0,74.0,296.0
151900,26.0,35.0,80.0,80.0,279.0
152000,25.0,27.0,81.0,85.0,282.0
152100,35.0,19.0,81.0,80.0,285.0
152200,32.0,25.0,80.0,79.0,284.0
152300,30.0,24.0,80.0,83.0,283.0
152400,37.0,29.0,81.0,80.0,273.0
152500,39.0,23.0,80.0,74.0,284.0
152600,42.0,20.0,73.0,76.0,289.0
152700,38.0,24.0,78.0,79.0,281.0
152800,44.0,18.0,77.0,75.0,286.0
152900,48.0,25.0,76.0,71.0,280.0
153000,55.0,18.0,77.0,70.0,280.0
153100,65.0,13.0,71.0,66.0,285.0
153200,59.0,19.0,66.0,61.0,295.0
153300,64.0,18.0,59.0,74.0,285.0
153400,67.0,18.0,48.0,72.0,295.0
153500,65.0,30.0,44.0,76.0,285.0
153600,67.0,31.0,31.0,75.0,296.0
153700,76.0,29.0,37.0,69.0,289.0
153800,75.0,26.0,27.0,77.0,295.0
153900,67.0,33.0,23.0,86.0,291.0
154000,71.0,32.0,26.0,78.0,293.0
154100,74.0,36.0,22.0,73.0,295.0
154200,75.0,42.0,17.0,76.0,290.0
154300,71.0,47.0,19.0,73.0,290.0
154400,67.0,46.0,19.0,78.0,290.0
154500,73.0,54.0,16.0,71.0,286.0
154600,66.0,56.0,14.0,71.0,293.0
154700,66.0,53.0,13.0,74.0,294.0
154800,65.0,58.0,19.0,75.0,283.0
154900,71.0,57.0,19.0,74.0,279.0
155000,57.0,51.0,22.0,70.0,300.0
155100,46.0,59.0,20.0,75.0,300.0
155200,51.0,64.0,23.0,79.0,283.0
155300,35.0,57.0,21.0,85.0,302.0
155400,41.0,62.0,26.0,80.0,291.0
155500,32.0,64.0,32.0,78.0,294.0
155600,26.0,66.0,28.0,77.0,303.0
155700,28.0,65.0,30.0,83.0,294.0
155800,25.0,62.0,36.0,77.0,300.0
155900,21.0,66.0,37.0,82.0,294.0
156000,24.0,59.0,31.0,90.0,296.0
156100,16.0,67.0,35.0,83.0,299.0
156200,27.0,60.0,42.0,90.0,281.0
156300,17.0,61.0,39.0,89.0,294.0
156400,26.0,67.0,40.0,86.0,281.0
156500,21.0,64.0,46.0,84.0,285.0
156600,25.0,61.0,35.0,80.0,299.0
156700,26.0,61.0,43.0,87.0,283.0
156800,21.0,61.0,51.0,85.0,282.0
156900,22.0,52.0,49.0,94.0,283.0
157000,25.0,51.0,54.0,87.0,283.0
157100,24.0,53.0,48.0,91.0,284.0
157200,21.0,41.0,56.0,90.0,292.0
157300,27.0,45.0,57.0,87.0,284.0
157400,28.0,38.0,58.0,85.0,291.0
157500,32.0,33.0,56.0,83.0,296.0
157600,35.0,33.0,55.0,85.0,292.0
157700,40.0,27.0,64.0,84.0,285.0
157800,43.0,33.0,62.0,80.0,282.0
157900,43.0,25.0,68.0,89.0,275.0
158000,44.0,24.0,66.0,87.0,279.0
158100,38.0,27.0,63.0,88.0,284.0
158200,40.0,29.0,66.0,84.0,281.0
158300,38.0,28.0,64.0,81.0,289.0
158400,44.0,26.0,65.0,84.0,281.0
158500,52.0,36.0,53.0,80.0,279.0
158600,44.0,28.0,61.0,85.0,282.0
158700,42.0,36.0,62.0,80.0,280.0
158800,50.0,29.0,61.0,81.0,279.0
158900,50.0,30.0,63.0,81.0,276.0
159000,55.0,34.0,62.0,83.0,266.0
159100,57.0,27.0,63.0,79.0,274.0
159200,54.0,30.0,50.0,90.0,276.0
159300,64.0,33.0,39.0,85.0,279.0
159400,58.0,42.0,45.0,83.0,272.0
159500,60.0,32.0,38.0,81.0,289.0
159600,58.0,41.0,37.0,83.0,281.0
159700,57.0,40.0,39.0,85.0,279.0
159800,69.0,48.0,31.0,76.0,276.0
159900,61.0,57.0,29.0,78.0,275.0
160000,66.0,37.0,26.0,80.0,291.0
160100,67.0,44.0,34.0,84.0,271.0
160200,66.0,50.0,25.0,79.0,280.0
160300,66.0,48.0,32.0,79.0,275.0
160400,67.0,51.0,25.0,81.0,276.0
160500,63.0,56.0,24.0,72.0,285.0
160600,62.0,54.0,30.0,70.0,284.0
160700,69.0,59.0,28.0,69.0,275.0
160800,56.0,69.0,26.0,66.0,283.0
160900,57.0,56.0,29.0,69.0,289.0
161000,47.0,60.0,30.0,76.0,287.0
161100,49.0,60.0,27.0,74.0,290.0
161200,43.0,59.0,39.0,79.0,280.0
161300,39.0,71.0,31.0,77.0,282.0
161400,37.0,73.0,33.0,71.0,286.0
161500,33.0,64.0,37.0,74.0,292.0
161600,25.0,71.0,38.0,70.0,296.0
161700,31.0,69.0,45.0,70.0,285.0
161800,28.0,77.0,39.0,75.0,281.0
161900,30.0,75.0,50.0,61.0,284.0
162000,30.0,76.0,48.0,61.0,285.0
162100,29.0,77.0,47.0,70.0,277.0
162200,31.0,76.0,50.0,66.0,277.0
162300,29.0,70.0,58.0,68.0,275.0
162400,32.0,63.0,61.0,65.0,279.0
162500,32.0,60.0,60.0,70.0,278.0
162600,26.0,62.0,65.0,74.0,273.0
162700,30.0,48.0,69.0,66.0,287.0
162800,36.0,39.0,74.0,74.0,277.0
162900,43.0,38.0,78.0,73.0,268.0
163000,37.0,33.0,77.0,70.0,283.0
163100,43.0,36.0,78.0,74.0,269.0
163200,41.0,29.0,82.0,70.0,278.0
163300,45.0,29.0,85.0,75.0,266.0
163400,42.0,15.0,85.0,73.0,285.0
163500,40.0,26.0,83.0,73.0,278.0
163600,49.0,18.0,77.0,67.0,289.0
163700,50.0,32.0,78.0,71.0,269.0
163800,49.0,19.0,84.0,73.0,275.0
163900,54.0,21.0,79.0,66.0,280.0
164000,63.0,21.0,74.0,73.0,269.0
164100,58.0,29.0,67.0,71.0,275.0
164200,65.0,22.0,65.0,68.0,280.0
164300,72.0,26.0,61.0,72.0,269.0
164400,69.0,33.0,56.0,73.0,269.0
164500,74.0,33.0,41.0,67.0,285.0
164600,78.0,37.0,39.0,63.0,283.0
164700,77.0,33.0,35.0,70.0,285.0
164800,72.0,44.0,26.0,76.0,282.0
164900,71.0,44.0,24.0,69.0,292.0
165000,75.0,48.0,21.0,67.0,289.0
165100,70.0,50.0,19.0,69.0,292.0
165200,69.0,40.0,28.0,66.0,297.0
165300,69.0,49.0,26.0,73.0,283.0
165400,70.0,52.0,21.0,69.0,288.0
165500,66.0,56.0,18.0,62.0,298.0
165600,76.0,49.0,27.0,67.0,281.0
165700,76.0,57.0,20.0,61.0,286.0
165800,70.0,61.0,24.0,61.0,284.0
165900,60.0,61.0,29.0,58.0,292.0
166000,62.0,60.0,28.0,62.0,288.0
166100,52.0,67.0,28.0,58.0,295.0
166200,45.0,63.0,32.0,75.0,285.0
166300,45.0,62.0,34.0,62.0,297.0
166400,41.0,68.0,38.0,69.0,284.0
166500,31.0,77.0,45.0,70.0,277.0
166600,24.0,69.0,46.0,68.0,293.0
166700,19.0,68.0,54.0,68.0,291.0
166800,24.0,72.0,50.0,69.0,285.0
166900,19.0,75.0,54.0,63.0,289.0
167000,26.0,72.0,48.0,66.0,288.0
167100,17.0,73.0,57.0,65.0,288.0
167200,17.0,73.0,54.0,68.0,288.0
167300,22.0,68.0,60.0,66.0,284.0
167400,22.0,66.0,63.0,58.0,291.0
167500,22.0,64.0,60.0,66.0,288.0
167600,26.0,61.0,66.0,62.0,285.0
167700,31.0,57.0,65.0,62.0,285.0
167800,35.0,40.0,77.0,67.0,281.0
167900,28.0,43.0,75.0,75.0,279.0
168000,38.0,41.0,71.0,62.0,288.0
168100,39.0,37.0,74.0,60.0,290.0
168200,38.0,36.0,71.0,73.0,282.0
168300,43.0,27.0,68.0,71.0,291.0
168400,36.0,30.0,77.0,71.0,286.0
168500,48.0,19.0,83.0,72.0,278.0
168600,54.0,24.0,79.0,60.0,283.0
168700,49.0,19.0,74.0,71.0,287.0
168800,47.0,20.0,74.0,76.0,283.0
168900,62.0,15.0,71.0,75.0,277.0
169000,56.0,21.0,65.0,79.0,279.0
169100,69.0,24.0,63.0,74.0,270.0
169200,65.0,23.0,57.0,74.0,281.0
169300,61.0,27.0,46.0,77.0,289.0
169400,65.0,25.0,47.0,79.0,284.0
169500,74.0,31.0,41.0,83.0,271.0
169600,71.0,27.0,41.0,85.0,276.0
169700,76.0,28.0,33.0,85.0,278.0
169800,78.0,30.0,29.0,82.0,281.0
169900,71.0,35.0,25.0,82.0,287.0
170000,72.0,39.0,19.0,87.0,283.0
170100,69.0,42.0,27.0,84.0,278.0
170200,79.0,37.0,18.0,77.0,289.0
170300,74.0,40.0,21.0,90.0,275.0
170400,73.0,51.0,19.0,80.0,277.0
170500,74.0,55.0,14.0,80.0,277.0
170600,72.0,46.0,25.0,74.0,283.0
170700,68.0,61.0,21.0,67.0,283.0
170800,59.0,48.0,22.0,83.0,288.0
170900,56.0,67.0,24.0,75.0,278.0
171000,54.0,65.0,16.0,73.0,292.0
171100,53.0,64.0,23.0,72.0,288.0
171200,40.0,61.0,24.0,78.0,297.0
171300,38.0,70.0,29.0,69.0,294.0
171400,36.0,66.0,32.0,69.0,297.0
171500,27.0,68.0,29.0,76.0,300.0
171600,22.0,79.0,33.0,68.0,298.0
171700,24.0,70.0,32.0,75.0,299.0
171800,22.0,76.0,39.0,76.0,287.0
171900,23.0,64.0,41.0,73.0,299.0
172000,27.0,67.0,42.0,68.0,296.0
172100,23.0,71.0,41.0,73.0,292.0
172200,14.0,72.0,49.0,78.0,287.0
172300,27.0,73.0,48.0,71.0,281.0
172400,22.0,74.0,44.0,74.0,286.0
172500,23.0,73.0,49.0,74.0,281.0
172600,23.0,74.0,49.0,71.0,283.0
172700,23.0,64.0,51.0,72.0,290.0
172800,20.0,71.0,58.0,71.0,280.0
172900,27.0,61.0,55.0,73.0,284.0
173000,26.0,59.0,50.0,74.0,291.0
173100,19.0,55.0,63.0,77.0,286.0
173200,32.0,53.0,58.0,67.0,290.0
173300,30.0,43.0,66.0,68.0,293.0
173400,31.0,48.0,67.0,62.0,292.0
173500,34.0,38.0,68.0,66.0,294.0
173600,35.0,31.0,69.0,71.0,294.0
173700,32.0,39.0,72.0,66.0,291.0
173800,36.0,27.0,70.0,68.0,299.0
173900,37.0,37.0,67.0,76.0,283.0
174000,38.0,31.0,67.0,68.0,296.0
174100,41.0,25.0,74.0,74.0,286.0
174200,48.0,20.0,78.0,65.0,289.0
174300,48.0,24.0,73.0,62.0,293.0
174400,58.0,27.0,66.0,63.0,286.0
174500,48.0,24.0,66.0,76.0,286.0
174600,51.0,19.0,72.0,73.0,285.0
174700,55.0,28.0,67.0,66.0,284.0
174800,53.0,21.0,63.0,74.0,289.0
174900,59.0,21.0,61.0,68.0,291.0
175000,59.0,22.0,59.0,69.0,291.0
175100,56.0,27.0,51.0,72.0,294.0
175200,63.0,29.0,50.0,61.0,297.0
175300,61.0,27.0,48.0,63.0,301.0
175400,65.0,44.0,42.0,68.0,281.0
175500,75.0,36.0,40.0,69.0,280.0
175600,68.0,44.0,32.0,67.0,289.0
175700,68.0,37.0,32.0,71.0,292.0
175800,64.0,47.0,29.0,75.0,285.0
175900,65.0,52.0,24.0,70.0,289.0
176000,84.0,47.0,24.0,67.0,278.0
176100,73.0,56.0,23.0,69.0,279.0
176200,70.0,54.0,27.0,67.0,282.0
176300,65.0,52.0,35.0,74.0,274.0
176400,66.0,63.0,31.0,74.0,266.0
176500,66.0,60.0,26.0,72.0,276.0
176600,59.0,68.0,25.0,70.0,278.0
176700,61.0,66.0,28.0,74.0,271.0
176800,56.0,73.0,21.0,68.0,282.0
176900,43.0,71.0,33.0,69.0,284.0
177000,48.0,71.0,25.0,69.0,287.0
177100,34.0,79.0,34.0,75.0,278.0
177200,24.0,72.0,42.0,78.0,284.0
177300,27.0,80.0,37.0,73.0,283.0
177400,28.0,75.0,39.0,79.0,279.0
177500,28.0,76.0,45.0,72.0,279.0
177600,21.0,78.0,43.0,76.0,282.0
177700,20.0,79.0,46.0,80.0,275.0
177800,21.0,76.0,53.0,73.0,277.0
177900,22.0,78.0,54.0,79.0,267.0
178000,21.0,82.0,52.0,76.0,269.0
178100,16.0,79.0,52.0,75.0,278.0
178200,22.0,78.0,49.0,78.0,273.0
178300,19.0,67.0,53.0,75.0,286.0
178400,22.0,59.0,68.0,73.0,278.0
178500,21.0,49.0,69.0,81.0,280.0
178600,28.0,47.0,72.0,75.0,278.0
178700,27.0,43.0,66.0,88.0,276.0
178800,30.0,37.0,76.0,83.0,274.0
178900,37.0,34.0,75.0,94.0,260.0
179000,35.0,29.0,67.0,91.0,278.0
179100,45.0,26.0,69.0,96.0,264.0
179200,40.0,20.0,81.0,89.0,270.0
179300,44.0,30.0,70.0,83.0,273.0
179400,50.0,25.0,82.0,80.0,263.0
179500,53.0,23.0,72.0,88.0,264.0
179600,54.0,27.0,72.0,89.0,258.0
179700,56.0,32.0,68.0,76.0,268.0
179800,57.0,23.0,63.0,88.0,269.0
179900,72.0,20.0,61.0,77.0,270.0
180000,67.0,32.0,59.0,78.0,264.0
180100,68.0,30.0,65.0,73.0,264.0
180200,70.0,34.0,58.0,79.0,259.0
180300,81.0,34.0,46.0,73.0,266.0
180400,86.0,41.0,46.0,74.0,253.0
180500,72.0,46.0,39.0,79.0,264.0
180600,74.0,42.0,26.0,77.0,281.0
180700,75.0,45.0,36.0,81.0,263.0
180800,77.0,48.0,23.0,91.0,261.0
180900,67.0,51.0,23.0,82.0,277.0
181000,65.0,54.0,22.0,85.0,274.0
181100,62.0,52.0,22.0,87.0,277.0
181200,72.0,48.0,24.0,91.0,265.0
181300,69.0,48.0,26.0,92.0,265.0
181400,70.0,59.0,18.0,85.0,268.0
181500,55.0,75.0,24.0,89.0,257.0
181600,64.0,61.0,22.0,86.0,267.0
181700,46.0,72.0,22.0,86.0,274.0
181800,42.0,62.0,30.0,91.0,275.0
181900,39.0,74.0,33.0,88.0,266.0
182000,36.0,74.0,33.0,83.0,274.0
182100,32.0,80.0,37.0,89.0,262.0
182200,38.0,71.0,41.0,83.0,267.0
182300,33.0,73.0,44.0,82.0,268.0
182400,33.0,77.0,46.0,86.0,258.0
182500,30.0,76.0,44.0,85.0,265.0
182600,31.0,72.0,45.0,82.0,270.0
182700,24.0,75.0,53.0,75.0,273.0
182800,32.0,77.0,49.0,80.0,262.0
182900,27.0,77.0,59.0,83.0,254.0
183000,32.0,73.0,60.0,75.0,260.0
183100,26.0,74.0,58.0,80.0,262.0
183200,29.0,75.0,63.0,82.0,251.0
183300,32.0,67.0,65.0,70.0,266.0
183400,25.0,59.0,69.0,76.0,271.0
183500,27.0,49.0,80.0,79.0,265.0
183600,34.0,41.0,72.0,88.0,265.0
183700,35.0,36.0,80.0,80.0,269.0
183800,46.0,33.0,77.0,76.0,268.0
183900,48.0,29.0,76.0,74.0,273.0
184000,48.0,26.0,77.0,75.0,274.0
184100,55.0,25.0,82.0,74.0,264.0
184200,54.0,22.0,80.0,78.0,266.0
184300,58.0,21.0,88.0,70.0,263.0
184400,55.0,18.0,83.0,73.0,271.0
184500,55.0,24.0,78.0,73.0,270.0
184600,62.0,20.0,77.0,75.0,266.0
184700,69.0,25.0,63.0,77.0,266.0
184800,68.0,23.0,66.0,81.0,262.0
184900,77.0,25.0,65.0,81.0,252.0
185000,75.0,27.0,55.0,73.0,270.0
185100,80.0,32.0,53.0,63.0,272.0
185200,74.0,32.0,41.0,76.0,277.0
185300,85.0,38.0,29.0,72.0,276.0
185400,84.0,38.0,23.0,73.0,282.0
185500,89.0,40.0,24.0,76.0,271.0
185600,83.0,44.0,20.0,71.0,282.0
185700,83.0,43.0,16.0,78.0,280.0
185800,76.0,44.0,19.0,74.0,287.0
185900,84.0,49.0,16.0,76.0,275.0
186000,91.0,49.0,17.0,68.0,275.0
186100,84.0,52.0,30.0,66.0,268.0
186200,82.0,54.0,12.0,76.0,276.0
186300,88.0,59.0,16.0,72.0,265.0
186400,78.0,65.0,19.0,68.0,270.0
186500,74.0,63.0,15.0,76.0,272.0
186600,59.0,65.0,13.0,83.0,280.0
186700,50.0,68.0,14.0,80.0,288.0
186800,40.0,76.0,29.0,79.0,276.0
186900,33.0,75.0,28.0,71.0,293.0
187000,31.0,74.0,35.0,70.0,290.0
187100,25.0,80.0,43.0,78.0,274.0
187200,20.0,76.0,38.0,81.0,285.0
187300,21.0,84.0,35.0,80.0,280.0
187400,20.0,84.0,42.0,74.0,280.0
187500,13.0,81.0,43.0,78.0,285.0
187600,10.0,85.0,44.0,74.0,287.0
187700,11.0,77.0,52.0,75.0,285.0
187800,18.0,74.0,46.0,75.0,287.0
187900,13.0,78.0,50.0,75.0,284.0
188000,15.0,67.0,51.0,78.0,289.0
188100,10.0,80.0,53.0,71.0,286.0
188200,10.0,68.0,57.0,71.0,294.0
188300,13.0,54.0,57.0,79.0,297.0
188400,24.0,46.0,65.0,78.0,287.0
188500,26.0,43.0,71.0,80.0,280.0
188600,22.0,23.0,70.0,88.0,297.0
188700,26.0,25.0,68.0,91.0,290.0
188800,30.0,24.0,69.0,91.0,286.0
188900,34.0,29.0,73.0,87.0,277.0
189000,43.0,24.0,69.0,84.0,280.0
189100,48.0,21.0,84.0,80.0,267.0
189200,41.0,17.0,81.0,90.0,271.0
189300,43.0,23.0,79.0,88.0,267.0
189400,45.0,17.0,80.0,84.0,274.0
189500,46.0,21.0,73.0,91.0,269.0
189600,50.0,21.0,66.0,87.0,276.0
189700,55.0,21.0,68.0,85.0,271.0
189800,47.0,21.0,74.0,91.0,267.0
189900,61.0,23.0,60.0,83.0,273.0
190000,57.0,21.0,56.0,82.0,284.0
190100,65.0,16.0,56.0,89.0,274.0
190200,62.0,23.0,51.0,83.0,281.0
190300,61.0,28.0,44.0,89.0,278.0
190400,64.0,28.0,38.0,91.0,279.0
190500,70.0,23.0,35.0,81.0,291.0
190600,61.0,32.0,30.0,87.0,290.0
190700,69.0,25.0,32.0,94.0,280.0
190800,69.0,33.0,30.0,88.0,280.0
190900,68.0,34.0,27.0,89.0,282.0
191000,64.0,38.0,20.0,85.0,293.0
191100,73.0,40.0,25.0,85.0,277.0
191200,69.0,40.0,22.0,85.0,284.0
191300,71.0,47.0,17.0,87.0,278.0
191400,64.0,49.0,18.0,82.0,287.0
191500,66.0,42.0,26.0,86.0,280.0
191600,65.0,55.0,27.0,85.0,268.0
191700,65.0,52.0,30.0,80.0,273.0
191800,65.0,55.0,30.0,75.0,275.0
191900,60.0,59.0,23.0,95.0,263.0
192000,60.0,62.0,19.0,83.0,276.0
192100,54.0,64.0,23.0,84.0,275.0
192200,35.0,69.0,20.0,95.0,281.0
192300,34.0,68.0,27.0,90.0,281.0
192400,33.0,71.0,30.0,89.0,277.0
192500,27.0,75.0,35.0,89.0,274.0
192600,23.0,78.0,36.0,80.0,283.0
192700,21.0,77.0,39.0,85.0,278.0
192800,16.0,73.0,38.0,86.0,287.0
192900,18.0,71.0,41.0,93.0,277.0
193000,17.0,68.0,44.0,80.0,291.0
193100,21.0,74.0,41.0,75.0,289.0
193200,14.0,75.0,45.0,88.0,278.0
193300,20.0,76.0,44.0,78.0,282.0
193400,28.0,72.0,47.0,77.0,276.0
193500,19.0,69.0,50.0,81.0,281.0
193600,20.0,68.0,44.0,84.0,284.0
193700,16.0,59.0,54.0,89.0,282.0
193800,20.0,64.0,55.0,78.0,283.0
193900,22.0,55.0,59.0,81.0,283.0
194000,24.0,44.0,52.0,84.0,296.0
194100,23.0,37.0,67.0,76.0,297.0
194200,31.0,39.0,73.0,85.0,272.0
194300,30.0,29.0,67.0,84.0,290.0
194400,28.0,36.0,66.0,83.0,287.0
194500,38.0,27.0,63.0,83.0,289.0
194600,31.0,19.0,72.0,81.0,297.0
194700,32.0,30.0,72.0,81.0,285.0
194800,39.0,17.0,74.0,81.0,289.0
194900,40.0,18.0,70.0,82.0,290.0
195000,38.0,23.0,77.0,78.0,284.0
195100,42.0,19.0,64.0,88.0,287.0
195200,46.0,15.0,64.0,93.0,282.0
195300,50.0,17.0,64.0,84.0,285.0
195400,48.0,20.0,76.0,81.0,275.0
195500,49.0,23.0,59.0,79.0,290.0
195600,59.0,16.0,58.0,84.0,283.0
195700,62.0,23.0,56.0,81.0,278.0
195800,68.0,15.0,49.0,86.0,282.0
195900,67.0,28.0,42.0,81.0,282.0
196000,69.0,25.0,40.0,85.0,281.0
196100,65.0,31.0,41.0,86.0,277.0
196200,72.0,36.0,26.0,88.0,278.0
196300,72.0,48.0,21.0,92.0,267.0
196400,72.0,37.0,22.0,90.0,279.0
196500,73.0,46.0,18.0,89.0,274.0
196600,80.0,44.0,17.0,84.0,275.0
196700,71.0,44.0,17.0,92.0,276.0
196800,68.0,50.0,23.0,90.0,269.0
196900,66.0,56.0,15.0,96.0,267.0
197000,66.0,58.0,18.0,95.0,263.0
197100,65.0,55.0,25.0,90.0,265.0
197200,60.0,64.0,23.0,93.0,260.0
197300,55.0,59.0,30.0,93.0,263.0
197400,60.0,55.0,21.0,91.0,273.0
197500,49.0,66.0,27.0,97.0,261.0
197600,41.0,67.0,29.0,97.0,266.0
197700,32.0,65.0,34.0,101.0,268.0
197800,29.0,71.0,42.0,103.0,255.0
197900,25.0,74.0,41.0,100.0,260.0
198000,27.0,65.0,43.0,98.0,267.0
198100,30.0,72.0,48.0,93.0,257.0
198200,22.0,73.0,53.0,92.0,260.0
198300,23.0,71.0,53.0,90.0,263.0
198400,21.0,67.0,52.0,96.0,264.0
198500,22.0,77.0,60.0,94.0,247.0
198600,23.0,68.0,60.0,95.0,254.0
198700,21.0,66.0,61.0,99.0,253.0
198800,23.0,62.0,67.0,92.0,256.0
198900,23.0,64.0,70.0,89.0,254.0
199000,33.0,54.0,75.0,89.0,249.0
199100,30.0,45.0,80.0,93.0,252.0
199200,30.0,38.0,74.0,95.0,263.0
199300,35.0,26.0,91.0,89.0,259.0
199400,36.0,19.0,85.0,91.0,269.0
199500,39.0,17.0,86.0,94.0,264.0
199600,43.0,16.0,81.0,87.0,273.0
199700,43.0,11.0,87.0,87.0,272.0
199800,47.0,14.0,83.0,84.0,272.0
199900,63.0,21.0,76.0,68.0,272.0
